--------------------------------------------------------
--  File created - Tuesday-December-10-2024   
--------------------------------------------------------
--------------------------------------------------------
--  DDL for Sequence ID_CANTON_SEQ
--------------------------------------------------------

   CREATE SEQUENCE  "FIDE_ROPASCLARAS_FINAL"."ID_CANTON_SEQ"  MINVALUE 1 MAXVALUE 9999999999999999999999999999 INCREMENT BY 1 START WITH 21 CACHE 20 NOORDER  NOCYCLE  NOKEEP  NOSCALE  GLOBAL ;
--------------------------------------------------------
--  DDL for Sequence ID_CARRITO_SEQ
--------------------------------------------------------

   CREATE SEQUENCE  "FIDE_ROPASCLARAS_FINAL"."ID_CARRITO_SEQ"  MINVALUE 1 MAXVALUE 9999999999999999999999999999 INCREMENT BY 1 START WITH 41 CACHE 20 NOORDER  NOCYCLE  NOKEEP  NOSCALE  GLOBAL ;
--------------------------------------------------------
--  DDL for Sequence ID_CARRITO_TEMP_SEQ
--------------------------------------------------------

   CREATE SEQUENCE  "FIDE_ROPASCLARAS_FINAL"."ID_CARRITO_TEMP_SEQ"  MINVALUE 1 MAXVALUE 9999999999999999999999999999 INCREMENT BY 1 START WITH 1 CACHE 20 NOORDER  NOCYCLE  NOKEEP  NOSCALE  GLOBAL ;
--------------------------------------------------------
--  DDL for Sequence ID_CLIENTES_SEQ
--------------------------------------------------------

   CREATE SEQUENCE  "FIDE_ROPASCLARAS_FINAL"."ID_CLIENTES_SEQ"  MINVALUE 1 MAXVALUE 9999999999999999999999999999 INCREMENT BY 1 START WITH 21 CACHE 20 NOORDER  NOCYCLE  NOKEEP  NOSCALE  GLOBAL ;
--------------------------------------------------------
--  DDL for Sequence ID_DISTRITO_SEQ
--------------------------------------------------------

   CREATE SEQUENCE  "FIDE_ROPASCLARAS_FINAL"."ID_DISTRITO_SEQ"  MINVALUE 1 MAXVALUE 9999999999999999999999999999 INCREMENT BY 1 START WITH 21 CACHE 20 NOORDER  NOCYCLE  NOKEEP  NOSCALE  GLOBAL ;
--------------------------------------------------------
--  DDL for Sequence ID_EMPRESA_ENVIOS_SEQ
--------------------------------------------------------

   CREATE SEQUENCE  "FIDE_ROPASCLARAS_FINAL"."ID_EMPRESA_ENVIOS_SEQ"  MINVALUE 1 MAXVALUE 9999999999999999999999999999 INCREMENT BY 1 START WITH 21 CACHE 20 NOORDER  NOCYCLE  NOKEEP  NOSCALE  GLOBAL ;
--------------------------------------------------------
--  DDL for Sequence ID_ENVIOS_SEQ
--------------------------------------------------------

   CREATE SEQUENCE  "FIDE_ROPASCLARAS_FINAL"."ID_ENVIOS_SEQ"  MINVALUE 1 MAXVALUE 9999999999999999999999999999 INCREMENT BY 1 START WITH 21 CACHE 20 NOORDER  NOCYCLE  NOKEEP  NOSCALE  GLOBAL ;
--------------------------------------------------------
--  DDL for Sequence ID_ESTADO_SEQ
--------------------------------------------------------

   CREATE SEQUENCE  "FIDE_ROPASCLARAS_FINAL"."ID_ESTADO_SEQ"  MINVALUE 1 MAXVALUE 9999999999999999999999999999 INCREMENT BY 1 START WITH 21 CACHE 20 NOORDER  NOCYCLE  NOKEEP  NOSCALE  GLOBAL ;
--------------------------------------------------------
--  DDL for Sequence ID_FACTURA_SEQ
--------------------------------------------------------

   CREATE SEQUENCE  "FIDE_ROPASCLARAS_FINAL"."ID_FACTURA_SEQ"  MINVALUE 1 MAXVALUE 9999999999999999999999999999 INCREMENT BY 1 START WITH 21 CACHE 20 NOORDER  NOCYCLE  NOKEEP  NOSCALE  GLOBAL ;
--------------------------------------------------------
--  DDL for Sequence ID_FEEDBACK_SEQ
--------------------------------------------------------

   CREATE SEQUENCE  "FIDE_ROPASCLARAS_FINAL"."ID_FEEDBACK_SEQ"  MINVALUE 1 MAXVALUE 9999999999999999999999999999 INCREMENT BY 1 START WITH 41 CACHE 20 NOORDER  NOCYCLE  NOKEEP  NOSCALE  GLOBAL ;
--------------------------------------------------------
--  DDL for Sequence ID_INVENTARIO_SEQ
--------------------------------------------------------

   CREATE SEQUENCE  "FIDE_ROPASCLARAS_FINAL"."ID_INVENTARIO_SEQ"  MINVALUE 1 MAXVALUE 9999999999999999999999999999 INCREMENT BY 1 START WITH 21 CACHE 20 NOORDER  NOCYCLE  NOKEEP  NOSCALE  GLOBAL ;
--------------------------------------------------------
--  DDL for Sequence ID_METODO_PAGO_SEQ
--------------------------------------------------------

   CREATE SEQUENCE  "FIDE_ROPASCLARAS_FINAL"."ID_METODO_PAGO_SEQ"  MINVALUE 1 MAXVALUE 9999999999999999999999999999 INCREMENT BY 1 START WITH 21 CACHE 20 NOORDER  NOCYCLE  NOKEEP  NOSCALE  GLOBAL ;
--------------------------------------------------------
--  DDL for Sequence ID_PAIS_SEQ
--------------------------------------------------------

   CREATE SEQUENCE  "FIDE_ROPASCLARAS_FINAL"."ID_PAIS_SEQ"  MINVALUE 1 MAXVALUE 9999999999999999999999999999 INCREMENT BY 1 START WITH 21 CACHE 20 NOORDER  NOCYCLE  NOKEEP  NOSCALE  GLOBAL ;
--------------------------------------------------------
--  DDL for Sequence ID_PROVEEDORES_SEQ
--------------------------------------------------------

   CREATE SEQUENCE  "FIDE_ROPASCLARAS_FINAL"."ID_PROVEEDORES_SEQ"  MINVALUE 1 MAXVALUE 9999999999999999999999999999 INCREMENT BY 1 START WITH 21 CACHE 20 NOORDER  NOCYCLE  NOKEEP  NOSCALE  GLOBAL ;
--------------------------------------------------------
--  DDL for Sequence ID_PROVINCIA_SEQ
--------------------------------------------------------

   CREATE SEQUENCE  "FIDE_ROPASCLARAS_FINAL"."ID_PROVINCIA_SEQ"  MINVALUE 1 MAXVALUE 9999999999999999999999999999 INCREMENT BY 1 START WITH 21 CACHE 20 NOORDER  NOCYCLE  NOKEEP  NOSCALE  GLOBAL ;
--------------------------------------------------------
--  DDL for Table FIDE_CANTON_TB
--------------------------------------------------------

  CREATE TABLE "FIDE_ROPASCLARAS_FINAL"."FIDE_CANTON_TB" 
   (	"ID_CANTON" NUMBER, 
	"NOMBRE" VARCHAR2(100 BYTE), 
	"CREADO_POR" VARCHAR2(100 BYTE), 
	"FECHA_CREACION" TIMESTAMP (6), 
	"MODIFICADO_POR" VARCHAR2(100 BYTE), 
	"FECHA_MODIFICACION" TIMESTAMP (6), 
	"ESTADO" VARCHAR2(10 BYTE), 
	"ACCION" VARCHAR2(100 BYTE)
   ) SEGMENT CREATION IMMEDIATE 
  PCTFREE 10 PCTUSED 40 INITRANS 1 MAXTRANS 255 
 NOCOMPRESS LOGGING
  STORAGE(INITIAL 65536 NEXT 1048576 MINEXTENTS 1 MAXEXTENTS 2147483645
  PCTINCREASE 0 FREELISTS 1 FREELIST GROUPS 1
  BUFFER_POOL DEFAULT FLASH_CACHE DEFAULT CELL_FLASH_CACHE DEFAULT)
  TABLESPACE "FIDE_ROPASCLARAS_FINAL_TBS" ;
--------------------------------------------------------
--  DDL for Table FIDE_CARRITO_TB
--------------------------------------------------------

  CREATE TABLE "FIDE_ROPASCLARAS_FINAL"."FIDE_CARRITO_TB" 
   (	"ID_CARRITO" NUMBER, 
	"PRODUCTO_ID" NUMBER, 
	"CANTIDAD" NUMBER, 
	"SUBTOTAL" NUMBER, 
	"ESTADO_ID" NUMBER, 
	"CLIENTE_ID" NUMBER, 
	"CREADO_POR" VARCHAR2(100 BYTE), 
	"FECHA_CREACION" TIMESTAMP (6), 
	"MODIFICADO_POR" VARCHAR2(100 BYTE), 
	"FECHA_MODIFICACION" TIMESTAMP (6), 
	"ESTADO" VARCHAR2(10 BYTE), 
	"ACCION" VARCHAR2(100 BYTE)
   ) SEGMENT CREATION IMMEDIATE 
  PCTFREE 10 PCTUSED 40 INITRANS 1 MAXTRANS 255 
 NOCOMPRESS LOGGING
  STORAGE(INITIAL 65536 NEXT 1048576 MINEXTENTS 1 MAXEXTENTS 2147483645
  PCTINCREASE 0 FREELISTS 1 FREELIST GROUPS 1
  BUFFER_POOL DEFAULT FLASH_CACHE DEFAULT CELL_FLASH_CACHE DEFAULT)
  TABLESPACE "FIDE_ROPASCLARAS_FINAL_TBS" ;
--------------------------------------------------------
--  DDL for Table FIDE_CARRITO_TEMP_TB
--------------------------------------------------------

  CREATE TABLE "FIDE_ROPASCLARAS_FINAL"."FIDE_CARRITO_TEMP_TB" 
   (	"ID_CARRITO_TEMP" NUMBER, 
	"PRODUCTO_ID" NUMBER, 
	"CANTIDAD" NUMBER, 
	"SUBTOTAL" NUMBER, 
	"ESTADO_ID" NUMBER, 
	"CLIENTE_ID" NUMBER, 
	"CREADO_POR" VARCHAR2(100 BYTE), 
	"FECHA_CREACION" TIMESTAMP (6), 
	"MODIFICADO_POR" VARCHAR2(100 BYTE), 
	"FECHA_MODIFICACION" TIMESTAMP (6), 
	"ESTADO" VARCHAR2(10 BYTE), 
	"ACCION" VARCHAR2(100 BYTE)
   ) SEGMENT CREATION DEFERRED 
  PCTFREE 10 PCTUSED 40 INITRANS 1 MAXTRANS 255 
 NOCOMPRESS LOGGING
  TABLESPACE "FIDE_ROPASCLARAS_FINAL_TBS" ;
--------------------------------------------------------
--  DDL for Table FIDE_CLIENTES_TB
--------------------------------------------------------

  CREATE TABLE "FIDE_ROPASCLARAS_FINAL"."FIDE_CLIENTES_TB" 
   (	"ID_CLIENTE" NUMBER, 
	"NOMBRE" VARCHAR2(100 BYTE), 
	"TELEFONO" VARCHAR2(15 BYTE), 
	"CEDULA" NUMBER, 
	"CORREO" VARCHAR2(50 BYTE), 
	"PAIS" NUMBER, 
	"PROVINCIA" NUMBER, 
	"CANTON" NUMBER, 
	"DISTRITO" NUMBER, 
	"FOTO" BLOB, 
	"ESTADO_ID" NUMBER, 
	"CREADO_POR" VARCHAR2(100 BYTE), 
	"FECHA_CREACION" TIMESTAMP (6), 
	"MODIFICADO_POR" VARCHAR2(100 BYTE), 
	"FECHA_MODIFICACION" TIMESTAMP (6), 
	"ESTADO" VARCHAR2(10 BYTE), 
	"ACCION" VARCHAR2(100 BYTE)
   ) SEGMENT CREATION IMMEDIATE 
  PCTFREE 10 PCTUSED 40 INITRANS 1 MAXTRANS 255 
 NOCOMPRESS LOGGING
  STORAGE(INITIAL 65536 NEXT 1048576 MINEXTENTS 1 MAXEXTENTS 2147483645
  PCTINCREASE 0 FREELISTS 1 FREELIST GROUPS 1
  BUFFER_POOL DEFAULT FLASH_CACHE DEFAULT CELL_FLASH_CACHE DEFAULT)
  TABLESPACE "FIDE_ROPASCLARAS_FINAL_TBS" 
 LOB ("FOTO") STORE AS SECUREFILE (
  TABLESPACE "FIDE_ROPASCLARAS_FINAL_TBS" ENABLE STORAGE IN ROW CHUNK 8192
  NOCACHE LOGGING  NOCOMPRESS  KEEP_DUPLICATES 
  STORAGE(INITIAL 106496 NEXT 1048576 MINEXTENTS 1 MAXEXTENTS 2147483645
  PCTINCREASE 0
  BUFFER_POOL DEFAULT FLASH_CACHE DEFAULT CELL_FLASH_CACHE DEFAULT)) ;
--------------------------------------------------------
--  DDL for Table FIDE_DISTRITO_TB
--------------------------------------------------------

  CREATE TABLE "FIDE_ROPASCLARAS_FINAL"."FIDE_DISTRITO_TB" 
   (	"ID_DISTRITO" NUMBER, 
	"NOMBRE" VARCHAR2(100 BYTE), 
	"CREADO_POR" VARCHAR2(100 BYTE), 
	"FECHA_CREACION" TIMESTAMP (6), 
	"MODIFICADO_POR" VARCHAR2(100 BYTE), 
	"FECHA_MODIFICACION" TIMESTAMP (6), 
	"ESTADO" VARCHAR2(10 BYTE), 
	"ACCION" VARCHAR2(100 BYTE)
   ) SEGMENT CREATION IMMEDIATE 
  PCTFREE 10 PCTUSED 40 INITRANS 1 MAXTRANS 255 
 NOCOMPRESS LOGGING
  STORAGE(INITIAL 65536 NEXT 1048576 MINEXTENTS 1 MAXEXTENTS 2147483645
  PCTINCREASE 0 FREELISTS 1 FREELIST GROUPS 1
  BUFFER_POOL DEFAULT FLASH_CACHE DEFAULT CELL_FLASH_CACHE DEFAULT)
  TABLESPACE "FIDE_ROPASCLARAS_FINAL_TBS" ;
--------------------------------------------------------
--  DDL for Table FIDE_EMPRESA_ENVIOS_TB
--------------------------------------------------------

  CREATE TABLE "FIDE_ROPASCLARAS_FINAL"."FIDE_EMPRESA_ENVIOS_TB" 
   (	"ID_MENSAJERO" NUMBER, 
	"EMPRESA" VARCHAR2(100 BYTE), 
	"PRECIO" NUMBER, 
	"ESTADO_ID" NUMBER, 
	"CREADO_POR" VARCHAR2(100 BYTE), 
	"FECHA_CREACION" TIMESTAMP (6), 
	"MODIFICADO_POR" VARCHAR2(100 BYTE), 
	"FECHA_MODIFICACION" TIMESTAMP (6), 
	"ESTADO" VARCHAR2(10 BYTE), 
	"ACCION" VARCHAR2(100 BYTE)
   ) SEGMENT CREATION IMMEDIATE 
  PCTFREE 10 PCTUSED 40 INITRANS 1 MAXTRANS 255 
 NOCOMPRESS LOGGING
  STORAGE(INITIAL 65536 NEXT 1048576 MINEXTENTS 1 MAXEXTENTS 2147483645
  PCTINCREASE 0 FREELISTS 1 FREELIST GROUPS 1
  BUFFER_POOL DEFAULT FLASH_CACHE DEFAULT CELL_FLASH_CACHE DEFAULT)
  TABLESPACE "FIDE_ROPASCLARAS_FINAL_TBS" ;
--------------------------------------------------------
--  DDL for Table FIDE_ENVIOS_TB
--------------------------------------------------------

  CREATE TABLE "FIDE_ROPASCLARAS_FINAL"."FIDE_ENVIOS_TB" 
   (	"ID_ENVIOS" NUMBER, 
	"CLIENTE_ID" NUMBER, 
	"PRODUCTO_ID" NUMBER, 
	"EMPRESA_ID" NUMBER, 
	"ESTADO_ID" NUMBER, 
	"CREADO_POR" VARCHAR2(100 BYTE), 
	"FECHA_CREACION" TIMESTAMP (6), 
	"MODIFICADO_POR" VARCHAR2(100 BYTE), 
	"FECHA_MODIFICACION" TIMESTAMP (6), 
	"ESTADO" VARCHAR2(10 BYTE), 
	"ACCION" VARCHAR2(100 BYTE)
   ) SEGMENT CREATION IMMEDIATE 
  PCTFREE 10 PCTUSED 40 INITRANS 1 MAXTRANS 255 
 NOCOMPRESS LOGGING
  STORAGE(INITIAL 65536 NEXT 1048576 MINEXTENTS 1 MAXEXTENTS 2147483645
  PCTINCREASE 0 FREELISTS 1 FREELIST GROUPS 1
  BUFFER_POOL DEFAULT FLASH_CACHE DEFAULT CELL_FLASH_CACHE DEFAULT)
  TABLESPACE "FIDE_ROPASCLARAS_FINAL_TBS" ;
--------------------------------------------------------
--  DDL for Table FIDE_ESTADO_TB
--------------------------------------------------------

  CREATE TABLE "FIDE_ROPASCLARAS_FINAL"."FIDE_ESTADO_TB" 
   (	"ID_ESTADO" NUMBER, 
	"NOMBRE_ESTADO" VARCHAR2(100 BYTE), 
	"CREADO_POR" VARCHAR2(100 BYTE), 
	"FECHA_CREACION" TIMESTAMP (6), 
	"MODIFICADO_POR" VARCHAR2(100 BYTE), 
	"FECHA_MODIFICACION" TIMESTAMP (6), 
	"ESTADO" VARCHAR2(10 BYTE), 
	"ACCION" VARCHAR2(100 BYTE)
   ) SEGMENT CREATION IMMEDIATE 
  PCTFREE 10 PCTUSED 40 INITRANS 1 MAXTRANS 255 
 NOCOMPRESS LOGGING
  STORAGE(INITIAL 65536 NEXT 1048576 MINEXTENTS 1 MAXEXTENTS 2147483645
  PCTINCREASE 0 FREELISTS 1 FREELIST GROUPS 1
  BUFFER_POOL DEFAULT FLASH_CACHE DEFAULT CELL_FLASH_CACHE DEFAULT)
  TABLESPACE "FIDE_ROPASCLARAS_FINAL_TBS" ;
--------------------------------------------------------
--  DDL for Table FIDE_FACTURA_TB
--------------------------------------------------------

  CREATE TABLE "FIDE_ROPASCLARAS_FINAL"."FIDE_FACTURA_TB" 
   (	"ID_FACTURA" NUMBER, 
	"CLIENTE_ID" NUMBER, 
	"METODO_ID" NUMBER, 
	"DETALLE" VARCHAR2(500 BYTE), 
	"TOTALDELINEAS" NUMBER, 
	"TOTAL" NUMBER, 
	"SUBTOTAL" NUMBER, 
	"IVA" NUMBER, 
	"COSTO_ENVIO" NUMBER, 
	"ESTADO_ID" NUMBER, 
	"CARRITO_ID" NUMBER, 
	"CREADO_POR" VARCHAR2(100 BYTE), 
	"FECHA_CREACION" TIMESTAMP (6), 
	"MODIFICADO_POR" VARCHAR2(100 BYTE), 
	"FECHA_MODIFICACION" TIMESTAMP (6), 
	"ESTADO" VARCHAR2(10 BYTE), 
	"ACCION" VARCHAR2(100 BYTE)
   ) SEGMENT CREATION IMMEDIATE 
  PCTFREE 10 PCTUSED 40 INITRANS 1 MAXTRANS 255 
 NOCOMPRESS LOGGING
  STORAGE(INITIAL 65536 NEXT 1048576 MINEXTENTS 1 MAXEXTENTS 2147483645
  PCTINCREASE 0 FREELISTS 1 FREELIST GROUPS 1
  BUFFER_POOL DEFAULT FLASH_CACHE DEFAULT CELL_FLASH_CACHE DEFAULT)
  TABLESPACE "FIDE_ROPASCLARAS_FINAL_TBS" ;
--------------------------------------------------------
--  DDL for Table FIDE_FEEDBACK_TB
--------------------------------------------------------

  CREATE TABLE "FIDE_ROPASCLARAS_FINAL"."FIDE_FEEDBACK_TB" 
   (	"ID_FEEDBACK" NUMBER, 
	"CLIENTE_ID" NUMBER, 
	"PRODUCTO_ID" NUMBER, 
	"COMENTARIO" VARCHAR2(500 BYTE), 
	"ESTADO_ID" NUMBER, 
	"CREADO_POR" VARCHAR2(100 BYTE), 
	"FECHA_CREACION" TIMESTAMP (6), 
	"MODIFICADO_POR" VARCHAR2(100 BYTE), 
	"FECHA_MODIFICACION" TIMESTAMP (6), 
	"ESTADO" VARCHAR2(10 BYTE), 
	"ACCION" VARCHAR2(100 BYTE)
   ) SEGMENT CREATION IMMEDIATE 
  PCTFREE 10 PCTUSED 40 INITRANS 1 MAXTRANS 255 
 NOCOMPRESS LOGGING
  STORAGE(INITIAL 65536 NEXT 1048576 MINEXTENTS 1 MAXEXTENTS 2147483645
  PCTINCREASE 0 FREELISTS 1 FREELIST GROUPS 1
  BUFFER_POOL DEFAULT FLASH_CACHE DEFAULT CELL_FLASH_CACHE DEFAULT)
  TABLESPACE "FIDE_ROPASCLARAS_FINAL_TBS" ;
--------------------------------------------------------
--  DDL for Table FIDE_INVENTARIO_TB
--------------------------------------------------------

  CREATE TABLE "FIDE_ROPASCLARAS_FINAL"."FIDE_INVENTARIO_TB" 
   (	"ID_PRODUCTO" NUMBER, 
	"NOMBRE" VARCHAR2(100 BYTE), 
	"IMAGEN" BLOB, 
	"PRECIO" NUMBER, 
	"DETALLE" VARCHAR2(250 BYTE), 
	"CANTIDAD" NUMBER, 
	"CATEGORIA" VARCHAR2(50 BYTE), 
	"PROVEEDOR_ID" NUMBER, 
	"ESTADO_ID" NUMBER, 
	"FECHA_ENTRADA" DATE, 
	"CREADO_POR" VARCHAR2(100 BYTE), 
	"FECHA_CREACION" TIMESTAMP (6), 
	"MODIFICADO_POR" VARCHAR2(100 BYTE), 
	"FECHA_MODIFICACION" TIMESTAMP (6), 
	"ESTADO" VARCHAR2(10 BYTE), 
	"ACCION" VARCHAR2(100 BYTE)
   ) SEGMENT CREATION IMMEDIATE 
  PCTFREE 10 PCTUSED 40 INITRANS 1 MAXTRANS 255 
 NOCOMPRESS LOGGING
  STORAGE(INITIAL 65536 NEXT 1048576 MINEXTENTS 1 MAXEXTENTS 2147483645
  PCTINCREASE 0 FREELISTS 1 FREELIST GROUPS 1
  BUFFER_POOL DEFAULT FLASH_CACHE DEFAULT CELL_FLASH_CACHE DEFAULT)
  TABLESPACE "FIDE_ROPASCLARAS_FINAL_TBS" 
 LOB ("IMAGEN") STORE AS SECUREFILE (
  TABLESPACE "FIDE_ROPASCLARAS_FINAL_TBS" ENABLE STORAGE IN ROW CHUNK 8192
  NOCACHE LOGGING  NOCOMPRESS  KEEP_DUPLICATES 
  STORAGE(INITIAL 106496 NEXT 1048576 MINEXTENTS 1 MAXEXTENTS 2147483645
  PCTINCREASE 0
  BUFFER_POOL DEFAULT FLASH_CACHE DEFAULT CELL_FLASH_CACHE DEFAULT)) ;
--------------------------------------------------------
--  DDL for Table FIDE_METODO_PAGO_TB
--------------------------------------------------------

  CREATE TABLE "FIDE_ROPASCLARAS_FINAL"."FIDE_METODO_PAGO_TB" 
   (	"ID_METODO" NUMBER, 
	"DESCRIPCION" VARCHAR2(100 BYTE), 
	"ESTADO_ID" NUMBER, 
	"CREADO_POR" VARCHAR2(100 BYTE), 
	"FECHA_CREACION" TIMESTAMP (6), 
	"MODIFICADO_POR" VARCHAR2(100 BYTE), 
	"FECHA_MODIFICACION" TIMESTAMP (6), 
	"ESTADO" VARCHAR2(10 BYTE), 
	"ACCION" VARCHAR2(100 BYTE)
   ) SEGMENT CREATION IMMEDIATE 
  PCTFREE 10 PCTUSED 40 INITRANS 1 MAXTRANS 255 
 NOCOMPRESS LOGGING
  STORAGE(INITIAL 65536 NEXT 1048576 MINEXTENTS 1 MAXEXTENTS 2147483645
  PCTINCREASE 0 FREELISTS 1 FREELIST GROUPS 1
  BUFFER_POOL DEFAULT FLASH_CACHE DEFAULT CELL_FLASH_CACHE DEFAULT)
  TABLESPACE "FIDE_ROPASCLARAS_FINAL_TBS" ;
--------------------------------------------------------
--  DDL for Table FIDE_PAIS_TB
--------------------------------------------------------

  CREATE TABLE "FIDE_ROPASCLARAS_FINAL"."FIDE_PAIS_TB" 
   (	"ID_PAIS" NUMBER, 
	"NOMBRE" VARCHAR2(100 BYTE), 
	"CREADO_POR" VARCHAR2(100 BYTE), 
	"FECHA_CREACION" TIMESTAMP (6), 
	"MODIFICADO_POR" VARCHAR2(100 BYTE), 
	"FECHA_MODIFICACION" TIMESTAMP (6), 
	"ESTADO" VARCHAR2(10 BYTE), 
	"ACCION" VARCHAR2(100 BYTE)
   ) SEGMENT CREATION IMMEDIATE 
  PCTFREE 10 PCTUSED 40 INITRANS 1 MAXTRANS 255 
 NOCOMPRESS LOGGING
  STORAGE(INITIAL 65536 NEXT 1048576 MINEXTENTS 1 MAXEXTENTS 2147483645
  PCTINCREASE 0 FREELISTS 1 FREELIST GROUPS 1
  BUFFER_POOL DEFAULT FLASH_CACHE DEFAULT CELL_FLASH_CACHE DEFAULT)
  TABLESPACE "FIDE_ROPASCLARAS_FINAL_TBS" ;
--------------------------------------------------------
--  DDL for Table FIDE_PROVEEDORES_TB
--------------------------------------------------------

  CREATE TABLE "FIDE_ROPASCLARAS_FINAL"."FIDE_PROVEEDORES_TB" 
   (	"ID_PROVEEDOR" NUMBER, 
	"NOMBRE" VARCHAR2(100 BYTE), 
	"DETALLES" VARCHAR2(250 BYTE), 
	"ESTADO_ID" NUMBER, 
	"CREADO_POR" VARCHAR2(100 BYTE), 
	"FECHA_CREACION" TIMESTAMP (6), 
	"MODIFICADO_POR" VARCHAR2(100 BYTE), 
	"FECHA_MODIFICACION" TIMESTAMP (6), 
	"ESTADO" VARCHAR2(10 BYTE), 
	"ACCION" VARCHAR2(100 BYTE)
   ) SEGMENT CREATION IMMEDIATE 
  PCTFREE 10 PCTUSED 40 INITRANS 1 MAXTRANS 255 
 NOCOMPRESS LOGGING
  STORAGE(INITIAL 65536 NEXT 1048576 MINEXTENTS 1 MAXEXTENTS 2147483645
  PCTINCREASE 0 FREELISTS 1 FREELIST GROUPS 1
  BUFFER_POOL DEFAULT FLASH_CACHE DEFAULT CELL_FLASH_CACHE DEFAULT)
  TABLESPACE "FIDE_ROPASCLARAS_FINAL_TBS" ;
--------------------------------------------------------
--  DDL for Table FIDE_PROVINCIA_TB
--------------------------------------------------------

  CREATE TABLE "FIDE_ROPASCLARAS_FINAL"."FIDE_PROVINCIA_TB" 
   (	"ID_PROVINCIA" NUMBER, 
	"NOMBRE" VARCHAR2(100 BYTE), 
	"CREADO_POR" VARCHAR2(100 BYTE), 
	"FECHA_CREACION" TIMESTAMP (6), 
	"MODIFICADO_POR" VARCHAR2(100 BYTE), 
	"FECHA_MODIFICACION" TIMESTAMP (6), 
	"ESTADO" VARCHAR2(10 BYTE), 
	"ACCION" VARCHAR2(100 BYTE)
   ) SEGMENT CREATION IMMEDIATE 
  PCTFREE 10 PCTUSED 40 INITRANS 1 MAXTRANS 255 
 NOCOMPRESS LOGGING
  STORAGE(INITIAL 65536 NEXT 1048576 MINEXTENTS 1 MAXEXTENTS 2147483645
  PCTINCREASE 0 FREELISTS 1 FREELIST GROUPS 1
  BUFFER_POOL DEFAULT FLASH_CACHE DEFAULT CELL_FLASH_CACHE DEFAULT)
  TABLESPACE "FIDE_ROPASCLARAS_FINAL_TBS" ;
REM INSERTING into FIDE_ROPASCLARAS_FINAL.FIDE_CANTON_TB
SET DEFINE OFF;
Insert into FIDE_ROPASCLARAS_FINAL.FIDE_CANTON_TB (ID_CANTON,NOMBRE,CREADO_POR,FECHA_CREACION,MODIFICADO_POR,FECHA_MODIFICACION,ESTADO,ACCION) values (1,'Central','FIDE_ROPASCLARAS_FINAL',to_timestamp('10-DEC-24 12.22.00.385000000 PM','DD-MON-RR HH.MI.SSXFF AM'),null,null,'A','INSERT');
Insert into FIDE_ROPASCLARAS_FINAL.FIDE_CANTON_TB (ID_CANTON,NOMBRE,CREADO_POR,FECHA_CREACION,MODIFICADO_POR,FECHA_MODIFICACION,ESTADO,ACCION) values (2,'Escazú','FIDE_ROPASCLARAS_FINAL',to_timestamp('10-DEC-24 12.22.00.386000000 PM','DD-MON-RR HH.MI.SSXFF AM'),null,null,'A','INSERT');
Insert into FIDE_ROPASCLARAS_FINAL.FIDE_CANTON_TB (ID_CANTON,NOMBRE,CREADO_POR,FECHA_CREACION,MODIFICADO_POR,FECHA_MODIFICACION,ESTADO,ACCION) values (3,'Desamparados','FIDE_ROPASCLARAS_FINAL',to_timestamp('10-DEC-24 12.22.00.389000000 PM','DD-MON-RR HH.MI.SSXFF AM'),null,null,'A','INSERT');
Insert into FIDE_ROPASCLARAS_FINAL.FIDE_CANTON_TB (ID_CANTON,NOMBRE,CREADO_POR,FECHA_CREACION,MODIFICADO_POR,FECHA_MODIFICACION,ESTADO,ACCION) values (4,'Puriscal','FIDE_ROPASCLARAS_FINAL',to_timestamp('10-DEC-24 12.22.00.389000000 PM','DD-MON-RR HH.MI.SSXFF AM'),null,null,'A','INSERT');
Insert into FIDE_ROPASCLARAS_FINAL.FIDE_CANTON_TB (ID_CANTON,NOMBRE,CREADO_POR,FECHA_CREACION,MODIFICADO_POR,FECHA_MODIFICACION,ESTADO,ACCION) values (5,'Tarrazú','FIDE_ROPASCLARAS_FINAL',to_timestamp('10-DEC-24 12.22.00.390000000 PM','DD-MON-RR HH.MI.SSXFF AM'),null,null,'A','INSERT');
Insert into FIDE_ROPASCLARAS_FINAL.FIDE_CANTON_TB (ID_CANTON,NOMBRE,CREADO_POR,FECHA_CREACION,MODIFICADO_POR,FECHA_MODIFICACION,ESTADO,ACCION) values (6,'Aserrí','FIDE_ROPASCLARAS_FINAL',to_timestamp('10-DEC-24 12.22.00.390000000 PM','DD-MON-RR HH.MI.SSXFF AM'),null,null,'A','INSERT');
Insert into FIDE_ROPASCLARAS_FINAL.FIDE_CANTON_TB (ID_CANTON,NOMBRE,CREADO_POR,FECHA_CREACION,MODIFICADO_POR,FECHA_MODIFICACION,ESTADO,ACCION) values (7,'Mora','FIDE_ROPASCLARAS_FINAL',to_timestamp('10-DEC-24 12.22.00.390000000 PM','DD-MON-RR HH.MI.SSXFF AM'),null,null,'A','INSERT');
Insert into FIDE_ROPASCLARAS_FINAL.FIDE_CANTON_TB (ID_CANTON,NOMBRE,CREADO_POR,FECHA_CREACION,MODIFICADO_POR,FECHA_MODIFICACION,ESTADO,ACCION) values (8,'Goicoechea','FIDE_ROPASCLARAS_FINAL',to_timestamp('10-DEC-24 12.22.00.391000000 PM','DD-MON-RR HH.MI.SSXFF AM'),null,null,'A','INSERT');
Insert into FIDE_ROPASCLARAS_FINAL.FIDE_CANTON_TB (ID_CANTON,NOMBRE,CREADO_POR,FECHA_CREACION,MODIFICADO_POR,FECHA_MODIFICACION,ESTADO,ACCION) values (9,'Santa Ana','FIDE_ROPASCLARAS_FINAL',to_timestamp('10-DEC-24 12.22.00.391000000 PM','DD-MON-RR HH.MI.SSXFF AM'),null,null,'A','INSERT');
Insert into FIDE_ROPASCLARAS_FINAL.FIDE_CANTON_TB (ID_CANTON,NOMBRE,CREADO_POR,FECHA_CREACION,MODIFICADO_POR,FECHA_MODIFICACION,ESTADO,ACCION) values (10,'Alajuelita','FIDE_ROPASCLARAS_FINAL',to_timestamp('10-DEC-24 12.22.00.391000000 PM','DD-MON-RR HH.MI.SSXFF AM'),null,null,'A','INSERT');
Insert into FIDE_ROPASCLARAS_FINAL.FIDE_CANTON_TB (ID_CANTON,NOMBRE,CREADO_POR,FECHA_CREACION,MODIFICADO_POR,FECHA_MODIFICACION,ESTADO,ACCION) values (11,'Vásquez de Coronado','FIDE_ROPASCLARAS_FINAL',to_timestamp('10-DEC-24 12.22.00.391000000 PM','DD-MON-RR HH.MI.SSXFF AM'),null,null,'A','INSERT');
Insert into FIDE_ROPASCLARAS_FINAL.FIDE_CANTON_TB (ID_CANTON,NOMBRE,CREADO_POR,FECHA_CREACION,MODIFICADO_POR,FECHA_MODIFICACION,ESTADO,ACCION) values (12,'Acosta','FIDE_ROPASCLARAS_FINAL',to_timestamp('10-DEC-24 12.22.00.392000000 PM','DD-MON-RR HH.MI.SSXFF AM'),null,null,'A','INSERT');
Insert into FIDE_ROPASCLARAS_FINAL.FIDE_CANTON_TB (ID_CANTON,NOMBRE,CREADO_POR,FECHA_CREACION,MODIFICADO_POR,FECHA_MODIFICACION,ESTADO,ACCION) values (13,'Tibás','FIDE_ROPASCLARAS_FINAL',to_timestamp('10-DEC-24 12.22.00.392000000 PM','DD-MON-RR HH.MI.SSXFF AM'),null,null,'A','INSERT');
Insert into FIDE_ROPASCLARAS_FINAL.FIDE_CANTON_TB (ID_CANTON,NOMBRE,CREADO_POR,FECHA_CREACION,MODIFICADO_POR,FECHA_MODIFICACION,ESTADO,ACCION) values (14,'Moravia','FIDE_ROPASCLARAS_FINAL',to_timestamp('10-DEC-24 12.22.00.392000000 PM','DD-MON-RR HH.MI.SSXFF AM'),null,null,'A','INSERT');
Insert into FIDE_ROPASCLARAS_FINAL.FIDE_CANTON_TB (ID_CANTON,NOMBRE,CREADO_POR,FECHA_CREACION,MODIFICADO_POR,FECHA_MODIFICACION,ESTADO,ACCION) values (15,'Montes de Oca','FIDE_ROPASCLARAS_FINAL',to_timestamp('10-DEC-24 12.22.00.393000000 PM','DD-MON-RR HH.MI.SSXFF AM'),null,null,'A','INSERT');
REM INSERTING into FIDE_ROPASCLARAS_FINAL.FIDE_CARRITO_TB
SET DEFINE OFF;
Insert into FIDE_ROPASCLARAS_FINAL.FIDE_CARRITO_TB (ID_CARRITO,PRODUCTO_ID,CANTIDAD,SUBTOTAL,ESTADO_ID,CLIENTE_ID,CREADO_POR,FECHA_CREACION,MODIFICADO_POR,FECHA_MODIFICACION,ESTADO,ACCION) values (1,1,2,1000,1,1,'FIDE_ROPASCLARAS_FINAL',to_timestamp('10-DEC-24 12.33.31.894000000 PM','DD-MON-RR HH.MI.SSXFF AM'),null,null,'A','INSERT');
Insert into FIDE_ROPASCLARAS_FINAL.FIDE_CARRITO_TB (ID_CARRITO,PRODUCTO_ID,CANTIDAD,SUBTOTAL,ESTADO_ID,CLIENTE_ID,CREADO_POR,FECHA_CREACION,MODIFICADO_POR,FECHA_MODIFICACION,ESTADO,ACCION) values (2,2,1,30,1,2,'FIDE_ROPASCLARAS_FINAL',to_timestamp('10-DEC-24 12.33.31.897000000 PM','DD-MON-RR HH.MI.SSXFF AM'),null,null,'A','INSERT');
Insert into FIDE_ROPASCLARAS_FINAL.FIDE_CARRITO_TB (ID_CARRITO,PRODUCTO_ID,CANTIDAD,SUBTOTAL,ESTADO_ID,CLIENTE_ID,CREADO_POR,FECHA_CREACION,MODIFICADO_POR,FECHA_MODIFICACION,ESTADO,ACCION) values (3,3,3,240,1,3,'FIDE_ROPASCLARAS_FINAL',to_timestamp('10-DEC-24 12.33.31.897000000 PM','DD-MON-RR HH.MI.SSXFF AM'),null,null,'A','INSERT');
Insert into FIDE_ROPASCLARAS_FINAL.FIDE_CARRITO_TB (ID_CARRITO,PRODUCTO_ID,CANTIDAD,SUBTOTAL,ESTADO_ID,CLIENTE_ID,CREADO_POR,FECHA_CREACION,MODIFICADO_POR,FECHA_MODIFICACION,ESTADO,ACCION) values (4,4,4,120,1,4,'FIDE_ROPASCLARAS_FINAL',to_timestamp('10-DEC-24 12.33.31.899000000 PM','DD-MON-RR HH.MI.SSXFF AM'),null,null,'A','INSERT');
Insert into FIDE_ROPASCLARAS_FINAL.FIDE_CARRITO_TB (ID_CARRITO,PRODUCTO_ID,CANTIDAD,SUBTOTAL,ESTADO_ID,CLIENTE_ID,CREADO_POR,FECHA_CREACION,MODIFICADO_POR,FECHA_MODIFICACION,ESTADO,ACCION) values (5,5,5,50,1,5,'FIDE_ROPASCLARAS_FINAL',to_timestamp('10-DEC-24 12.33.31.899000000 PM','DD-MON-RR HH.MI.SSXFF AM'),null,null,'A','INSERT');
Insert into FIDE_ROPASCLARAS_FINAL.FIDE_CARRITO_TB (ID_CARRITO,PRODUCTO_ID,CANTIDAD,SUBTOTAL,ESTADO_ID,CLIENTE_ID,CREADO_POR,FECHA_CREACION,MODIFICADO_POR,FECHA_MODIFICACION,ESTADO,ACCION) values (6,6,6,300,1,6,'FIDE_ROPASCLARAS_FINAL',to_timestamp('10-DEC-24 12.33.31.901000000 PM','DD-MON-RR HH.MI.SSXFF AM'),null,null,'A','INSERT');
Insert into FIDE_ROPASCLARAS_FINAL.FIDE_CARRITO_TB (ID_CARRITO,PRODUCTO_ID,CANTIDAD,SUBTOTAL,ESTADO_ID,CLIENTE_ID,CREADO_POR,FECHA_CREACION,MODIFICADO_POR,FECHA_MODIFICACION,ESTADO,ACCION) values (7,7,7,40,1,7,'FIDE_ROPASCLARAS_FINAL',to_timestamp('10-DEC-24 12.33.31.901000000 PM','DD-MON-RR HH.MI.SSXFF AM'),null,null,'A','INSERT');
Insert into FIDE_ROPASCLARAS_FINAL.FIDE_CARRITO_TB (ID_CARRITO,PRODUCTO_ID,CANTIDAD,SUBTOTAL,ESTADO_ID,CLIENTE_ID,CREADO_POR,FECHA_CREACION,MODIFICADO_POR,FECHA_MODIFICACION,ESTADO,ACCION) values (8,8,8,30,1,8,'FIDE_ROPASCLARAS_FINAL',to_timestamp('10-DEC-24 12.33.31.901000000 PM','DD-MON-RR HH.MI.SSXFF AM'),null,null,'A','INSERT');
Insert into FIDE_ROPASCLARAS_FINAL.FIDE_CARRITO_TB (ID_CARRITO,PRODUCTO_ID,CANTIDAD,SUBTOTAL,ESTADO_ID,CLIENTE_ID,CREADO_POR,FECHA_CREACION,MODIFICADO_POR,FECHA_MODIFICACION,ESTADO,ACCION) values (9,9,9,25,1,9,'FIDE_ROPASCLARAS_FINAL',to_timestamp('10-DEC-24 12.33.31.902000000 PM','DD-MON-RR HH.MI.SSXFF AM'),null,null,'A','INSERT');
Insert into FIDE_ROPASCLARAS_FINAL.FIDE_CARRITO_TB (ID_CARRITO,PRODUCTO_ID,CANTIDAD,SUBTOTAL,ESTADO_ID,CLIENTE_ID,CREADO_POR,FECHA_CREACION,MODIFICADO_POR,FECHA_MODIFICACION,ESTADO,ACCION) values (10,10,10,18,1,10,'FIDE_ROPASCLARAS_FINAL',to_timestamp('10-DEC-24 12.33.31.902000000 PM','DD-MON-RR HH.MI.SSXFF AM'),null,null,'A','INSERT');
Insert into FIDE_ROPASCLARAS_FINAL.FIDE_CARRITO_TB (ID_CARRITO,PRODUCTO_ID,CANTIDAD,SUBTOTAL,ESTADO_ID,CLIENTE_ID,CREADO_POR,FECHA_CREACION,MODIFICADO_POR,FECHA_MODIFICACION,ESTADO,ACCION) values (11,11,11,40,1,11,'FIDE_ROPASCLARAS_FINAL',to_timestamp('10-DEC-24 12.33.31.902000000 PM','DD-MON-RR HH.MI.SSXFF AM'),null,null,'A','INSERT');
Insert into FIDE_ROPASCLARAS_FINAL.FIDE_CARRITO_TB (ID_CARRITO,PRODUCTO_ID,CANTIDAD,SUBTOTAL,ESTADO_ID,CLIENTE_ID,CREADO_POR,FECHA_CREACION,MODIFICADO_POR,FECHA_MODIFICACION,ESTADO,ACCION) values (12,12,12,80,1,12,'FIDE_ROPASCLARAS_FINAL',to_timestamp('10-DEC-24 12.33.31.903000000 PM','DD-MON-RR HH.MI.SSXFF AM'),null,null,'A','INSERT');
Insert into FIDE_ROPASCLARAS_FINAL.FIDE_CARRITO_TB (ID_CARRITO,PRODUCTO_ID,CANTIDAD,SUBTOTAL,ESTADO_ID,CLIENTE_ID,CREADO_POR,FECHA_CREACION,MODIFICADO_POR,FECHA_MODIFICACION,ESTADO,ACCION) values (13,13,13,35,1,13,'FIDE_ROPASCLARAS_FINAL',to_timestamp('10-DEC-24 12.33.31.903000000 PM','DD-MON-RR HH.MI.SSXFF AM'),null,null,'A','INSERT');
Insert into FIDE_ROPASCLARAS_FINAL.FIDE_CARRITO_TB (ID_CARRITO,PRODUCTO_ID,CANTIDAD,SUBTOTAL,ESTADO_ID,CLIENTE_ID,CREADO_POR,FECHA_CREACION,MODIFICADO_POR,FECHA_MODIFICACION,ESTADO,ACCION) values (14,14,14,10,1,14,'FIDE_ROPASCLARAS_FINAL',to_timestamp('10-DEC-24 12.33.31.904000000 PM','DD-MON-RR HH.MI.SSXFF AM'),null,null,'A','INSERT');
Insert into FIDE_ROPASCLARAS_FINAL.FIDE_CARRITO_TB (ID_CARRITO,PRODUCTO_ID,CANTIDAD,SUBTOTAL,ESTADO_ID,CLIENTE_ID,CREADO_POR,FECHA_CREACION,MODIFICADO_POR,FECHA_MODIFICACION,ESTADO,ACCION) values (16,1,2,1000,1,1,'FIDE_ROPASCLARAS_FINAL',to_timestamp('10-DEC-24 12.34.41.469000000 PM','DD-MON-RR HH.MI.SSXFF AM'),null,null,'A','INSERT');
Insert into FIDE_ROPASCLARAS_FINAL.FIDE_CARRITO_TB (ID_CARRITO,PRODUCTO_ID,CANTIDAD,SUBTOTAL,ESTADO_ID,CLIENTE_ID,CREADO_POR,FECHA_CREACION,MODIFICADO_POR,FECHA_MODIFICACION,ESTADO,ACCION) values (17,2,1,30,1,2,'FIDE_ROPASCLARAS_FINAL',to_timestamp('10-DEC-24 12.34.41.470000000 PM','DD-MON-RR HH.MI.SSXFF AM'),null,null,'A','INSERT');
Insert into FIDE_ROPASCLARAS_FINAL.FIDE_CARRITO_TB (ID_CARRITO,PRODUCTO_ID,CANTIDAD,SUBTOTAL,ESTADO_ID,CLIENTE_ID,CREADO_POR,FECHA_CREACION,MODIFICADO_POR,FECHA_MODIFICACION,ESTADO,ACCION) values (18,3,3,240,1,3,'FIDE_ROPASCLARAS_FINAL',to_timestamp('10-DEC-24 12.34.41.470000000 PM','DD-MON-RR HH.MI.SSXFF AM'),null,null,'A','INSERT');
Insert into FIDE_ROPASCLARAS_FINAL.FIDE_CARRITO_TB (ID_CARRITO,PRODUCTO_ID,CANTIDAD,SUBTOTAL,ESTADO_ID,CLIENTE_ID,CREADO_POR,FECHA_CREACION,MODIFICADO_POR,FECHA_MODIFICACION,ESTADO,ACCION) values (19,4,4,120,1,4,'FIDE_ROPASCLARAS_FINAL',to_timestamp('10-DEC-24 12.34.41.471000000 PM','DD-MON-RR HH.MI.SSXFF AM'),null,null,'A','INSERT');
Insert into FIDE_ROPASCLARAS_FINAL.FIDE_CARRITO_TB (ID_CARRITO,PRODUCTO_ID,CANTIDAD,SUBTOTAL,ESTADO_ID,CLIENTE_ID,CREADO_POR,FECHA_CREACION,MODIFICADO_POR,FECHA_MODIFICACION,ESTADO,ACCION) values (20,5,5,50,1,5,'FIDE_ROPASCLARAS_FINAL',to_timestamp('10-DEC-24 12.34.41.471000000 PM','DD-MON-RR HH.MI.SSXFF AM'),null,null,'A','INSERT');
Insert into FIDE_ROPASCLARAS_FINAL.FIDE_CARRITO_TB (ID_CARRITO,PRODUCTO_ID,CANTIDAD,SUBTOTAL,ESTADO_ID,CLIENTE_ID,CREADO_POR,FECHA_CREACION,MODIFICADO_POR,FECHA_MODIFICACION,ESTADO,ACCION) values (21,6,6,300,1,6,'FIDE_ROPASCLARAS_FINAL',to_timestamp('10-DEC-24 12.34.41.472000000 PM','DD-MON-RR HH.MI.SSXFF AM'),null,null,'A','INSERT');
Insert into FIDE_ROPASCLARAS_FINAL.FIDE_CARRITO_TB (ID_CARRITO,PRODUCTO_ID,CANTIDAD,SUBTOTAL,ESTADO_ID,CLIENTE_ID,CREADO_POR,FECHA_CREACION,MODIFICADO_POR,FECHA_MODIFICACION,ESTADO,ACCION) values (22,7,7,40,1,7,'FIDE_ROPASCLARAS_FINAL',to_timestamp('10-DEC-24 12.34.41.472000000 PM','DD-MON-RR HH.MI.SSXFF AM'),null,null,'A','INSERT');
Insert into FIDE_ROPASCLARAS_FINAL.FIDE_CARRITO_TB (ID_CARRITO,PRODUCTO_ID,CANTIDAD,SUBTOTAL,ESTADO_ID,CLIENTE_ID,CREADO_POR,FECHA_CREACION,MODIFICADO_POR,FECHA_MODIFICACION,ESTADO,ACCION) values (23,8,8,30,1,8,'FIDE_ROPASCLARAS_FINAL',to_timestamp('10-DEC-24 12.34.41.472000000 PM','DD-MON-RR HH.MI.SSXFF AM'),null,null,'A','INSERT');
Insert into FIDE_ROPASCLARAS_FINAL.FIDE_CARRITO_TB (ID_CARRITO,PRODUCTO_ID,CANTIDAD,SUBTOTAL,ESTADO_ID,CLIENTE_ID,CREADO_POR,FECHA_CREACION,MODIFICADO_POR,FECHA_MODIFICACION,ESTADO,ACCION) values (24,9,9,25,1,9,'FIDE_ROPASCLARAS_FINAL',to_timestamp('10-DEC-24 12.34.41.473000000 PM','DD-MON-RR HH.MI.SSXFF AM'),null,null,'A','INSERT');
Insert into FIDE_ROPASCLARAS_FINAL.FIDE_CARRITO_TB (ID_CARRITO,PRODUCTO_ID,CANTIDAD,SUBTOTAL,ESTADO_ID,CLIENTE_ID,CREADO_POR,FECHA_CREACION,MODIFICADO_POR,FECHA_MODIFICACION,ESTADO,ACCION) values (25,10,10,18,1,10,'FIDE_ROPASCLARAS_FINAL',to_timestamp('10-DEC-24 12.34.41.473000000 PM','DD-MON-RR HH.MI.SSXFF AM'),null,null,'A','INSERT');
Insert into FIDE_ROPASCLARAS_FINAL.FIDE_CARRITO_TB (ID_CARRITO,PRODUCTO_ID,CANTIDAD,SUBTOTAL,ESTADO_ID,CLIENTE_ID,CREADO_POR,FECHA_CREACION,MODIFICADO_POR,FECHA_MODIFICACION,ESTADO,ACCION) values (26,11,11,40,1,11,'FIDE_ROPASCLARAS_FINAL',to_timestamp('10-DEC-24 12.34.41.473000000 PM','DD-MON-RR HH.MI.SSXFF AM'),null,null,'A','INSERT');
Insert into FIDE_ROPASCLARAS_FINAL.FIDE_CARRITO_TB (ID_CARRITO,PRODUCTO_ID,CANTIDAD,SUBTOTAL,ESTADO_ID,CLIENTE_ID,CREADO_POR,FECHA_CREACION,MODIFICADO_POR,FECHA_MODIFICACION,ESTADO,ACCION) values (27,12,12,80,1,12,'FIDE_ROPASCLARAS_FINAL',to_timestamp('10-DEC-24 12.34.41.474000000 PM','DD-MON-RR HH.MI.SSXFF AM'),null,null,'A','INSERT');
Insert into FIDE_ROPASCLARAS_FINAL.FIDE_CARRITO_TB (ID_CARRITO,PRODUCTO_ID,CANTIDAD,SUBTOTAL,ESTADO_ID,CLIENTE_ID,CREADO_POR,FECHA_CREACION,MODIFICADO_POR,FECHA_MODIFICACION,ESTADO,ACCION) values (28,13,13,35,1,13,'FIDE_ROPASCLARAS_FINAL',to_timestamp('10-DEC-24 12.34.41.474000000 PM','DD-MON-RR HH.MI.SSXFF AM'),null,null,'A','INSERT');
Insert into FIDE_ROPASCLARAS_FINAL.FIDE_CARRITO_TB (ID_CARRITO,PRODUCTO_ID,CANTIDAD,SUBTOTAL,ESTADO_ID,CLIENTE_ID,CREADO_POR,FECHA_CREACION,MODIFICADO_POR,FECHA_MODIFICACION,ESTADO,ACCION) values (29,14,14,10,1,14,'FIDE_ROPASCLARAS_FINAL',to_timestamp('10-DEC-24 12.34.41.475000000 PM','DD-MON-RR HH.MI.SSXFF AM'),null,null,'A','INSERT');
REM INSERTING into FIDE_ROPASCLARAS_FINAL.FIDE_CARRITO_TEMP_TB
SET DEFINE OFF;
REM INSERTING into FIDE_ROPASCLARAS_FINAL.FIDE_CLIENTES_TB
SET DEFINE OFF;
Insert into FIDE_ROPASCLARAS_FINAL.FIDE_CLIENTES_TB (ID_CLIENTE,NOMBRE,TELEFONO,CEDULA,CORREO,PAIS,PROVINCIA,CANTON,DISTRITO,ESTADO_ID,CREADO_POR,FECHA_CREACION,MODIFICADO_POR,FECHA_MODIFICACION,ESTADO,ACCION) values (1,'Juan','61412345',123456789,'juan.perez@gmail.com',1,1,1,1,1,'FIDE_ROPASCLARAS_FINAL',to_timestamp('10-DEC-24 12.23.46.586000000 PM','DD-MON-RR HH.MI.SSXFF AM'),'FIDE_ROPASCLARAS_FINAL',to_timestamp('10-DEC-24 12.28.28.317000000 PM','DD-MON-RR HH.MI.SSXFF AM'),'A','UPDATE');
Insert into FIDE_ROPASCLARAS_FINAL.FIDE_CLIENTES_TB (ID_CLIENTE,NOMBRE,TELEFONO,CEDULA,CORREO,PAIS,PROVINCIA,CANTON,DISTRITO,ESTADO_ID,CREADO_POR,FECHA_CREACION,MODIFICADO_POR,FECHA_MODIFICACION,ESTADO,ACCION) values (2,'María','61498765',987654321,'maria.rodriguez@hotmail.com',1,2,1,2,1,'FIDE_ROPASCLARAS_FINAL',to_timestamp('10-DEC-24 12.23.46.587000000 PM','DD-MON-RR HH.MI.SSXFF AM'),'FIDE_ROPASCLARAS_FINAL',to_timestamp('10-DEC-24 12.28.28.321000000 PM','DD-MON-RR HH.MI.SSXFF AM'),'A','UPDATE');
Insert into FIDE_ROPASCLARAS_FINAL.FIDE_CLIENTES_TB (ID_CLIENTE,NOMBRE,TELEFONO,CEDULA,CORREO,PAIS,PROVINCIA,CANTON,DISTRITO,ESTADO_ID,CREADO_POR,FECHA_CREACION,MODIFICADO_POR,FECHA_MODIFICACION,ESTADO,ACCION) values (3,'Carlos','61122334',112233445,'carlos.martinez@yahoo.com',2,3,2,3,1,'FIDE_ROPASCLARAS_FINAL',to_timestamp('10-DEC-24 12.23.46.589000000 PM','DD-MON-RR HH.MI.SSXFF AM'),'FIDE_ROPASCLARAS_FINAL',to_timestamp('10-DEC-24 12.28.28.323000000 PM','DD-MON-RR HH.MI.SSXFF AM'),'A','UPDATE');
Insert into FIDE_ROPASCLARAS_FINAL.FIDE_CLIENTES_TB (ID_CLIENTE,NOMBRE,TELEFONO,CEDULA,CORREO,PAIS,PROVINCIA,CANTON,DISTRITO,ESTADO_ID,CREADO_POR,FECHA_CREACION,MODIFICADO_POR,FECHA_MODIFICACION,ESTADO,ACCION) values (4,'Ana','61033445',223344556,'ana.gonzalez@gmail.com',2,4,2,4,1,'FIDE_ROPASCLARAS_FINAL',to_timestamp('10-DEC-24 12.23.46.593000000 PM','DD-MON-RR HH.MI.SSXFF AM'),'FIDE_ROPASCLARAS_FINAL',to_timestamp('10-DEC-24 12.28.28.325000000 PM','DD-MON-RR HH.MI.SSXFF AM'),'A','UPDATE');
Insert into FIDE_ROPASCLARAS_FINAL.FIDE_CLIENTES_TB (ID_CLIENTE,NOMBRE,TELEFONO,CEDULA,CORREO,PAIS,PROVINCIA,CANTON,DISTRITO,ESTADO_ID,CREADO_POR,FECHA_CREACION,MODIFICADO_POR,FECHA_MODIFICACION,ESTADO,ACCION) values (5,'Luis','61987654',334455667,'luis.fernandez@outlook.com',3,5,3,5,1,'FIDE_ROPASCLARAS_FINAL',to_timestamp('10-DEC-24 12.23.46.593000000 PM','DD-MON-RR HH.MI.SSXFF AM'),'FIDE_ROPASCLARAS_FINAL',to_timestamp('10-DEC-24 12.28.28.327000000 PM','DD-MON-RR HH.MI.SSXFF AM'),'A','UPDATE');
Insert into FIDE_ROPASCLARAS_FINAL.FIDE_CLIENTES_TB (ID_CLIENTE,NOMBRE,TELEFONO,CEDULA,CORREO,PAIS,PROVINCIA,CANTON,DISTRITO,ESTADO_ID,CREADO_POR,FECHA_CREACION,MODIFICADO_POR,FECHA_MODIFICACION,ESTADO,ACCION) values (6,'Sofía','61876543',445566778,'sofia.diaz@gmail.com',3,6,3,6,1,'FIDE_ROPASCLARAS_FINAL',to_timestamp('10-DEC-24 12.23.46.594000000 PM','DD-MON-RR HH.MI.SSXFF AM'),'FIDE_ROPASCLARAS_FINAL',to_timestamp('10-DEC-24 12.28.28.329000000 PM','DD-MON-RR HH.MI.SSXFF AM'),'A','UPDATE');
Insert into FIDE_ROPASCLARAS_FINAL.FIDE_CLIENTES_TB (ID_CLIENTE,NOMBRE,TELEFONO,CEDULA,CORREO,PAIS,PROVINCIA,CANTON,DISTRITO,ESTADO_ID,CREADO_POR,FECHA_CREACION,MODIFICADO_POR,FECHA_MODIFICACION,ESTADO,ACCION) values (7,'Ricardo','61765432',556677889,'ricardo.lopez@hotmail.com',4,7,4,7,1,'FIDE_ROPASCLARAS_FINAL',to_timestamp('10-DEC-24 12.23.46.595000000 PM','DD-MON-RR HH.MI.SSXFF AM'),'FIDE_ROPASCLARAS_FINAL',to_timestamp('10-DEC-24 12.28.28.331000000 PM','DD-MON-RR HH.MI.SSXFF AM'),'A','UPDATE');
Insert into FIDE_ROPASCLARAS_FINAL.FIDE_CLIENTES_TB (ID_CLIENTE,NOMBRE,TELEFONO,CEDULA,CORREO,PAIS,PROVINCIA,CANTON,DISTRITO,ESTADO_ID,CREADO_POR,FECHA_CREACION,MODIFICADO_POR,FECHA_MODIFICACION,ESTADO,ACCION) values (8,'Laura','61654321',667788990,'laura.torres@yahoo.com',4,8,4,8,1,'FIDE_ROPASCLARAS_FINAL',to_timestamp('10-DEC-24 12.23.46.595000000 PM','DD-MON-RR HH.MI.SSXFF AM'),'FIDE_ROPASCLARAS_FINAL',to_timestamp('10-DEC-24 12.28.28.339000000 PM','DD-MON-RR HH.MI.SSXFF AM'),'A','UPDATE');
Insert into FIDE_ROPASCLARAS_FINAL.FIDE_CLIENTES_TB (ID_CLIENTE,NOMBRE,TELEFONO,CEDULA,CORREO,PAIS,PROVINCIA,CANTON,DISTRITO,ESTADO_ID,CREADO_POR,FECHA_CREACION,MODIFICADO_POR,FECHA_MODIFICACION,ESTADO,ACCION) values (9,'José','61543210',778899001,'jose.perez@gmail.com',5,9,5,9,1,'FIDE_ROPASCLARAS_FINAL',to_timestamp('10-DEC-24 12.23.46.595000000 PM','DD-MON-RR HH.MI.SSXFF AM'),'FIDE_ROPASCLARAS_FINAL',to_timestamp('10-DEC-24 12.28.28.343000000 PM','DD-MON-RR HH.MI.SSXFF AM'),'A','UPDATE');
Insert into FIDE_ROPASCLARAS_FINAL.FIDE_CLIENTES_TB (ID_CLIENTE,NOMBRE,TELEFONO,CEDULA,CORREO,PAIS,PROVINCIA,CANTON,DISTRITO,ESTADO_ID,CREADO_POR,FECHA_CREACION,MODIFICADO_POR,FECHA_MODIFICACION,ESTADO,ACCION) values (10,'Isabel','61332109',889900112,'isabel.sanchez@gmail.com',5,10,5,10,1,'FIDE_ROPASCLARAS_FINAL',to_timestamp('10-DEC-24 12.23.46.596000000 PM','DD-MON-RR HH.MI.SSXFF AM'),'FIDE_ROPASCLARAS_FINAL',to_timestamp('10-DEC-24 12.28.28.344000000 PM','DD-MON-RR HH.MI.SSXFF AM'),'A','UPDATE');
Insert into FIDE_ROPASCLARAS_FINAL.FIDE_CLIENTES_TB (ID_CLIENTE,NOMBRE,TELEFONO,CEDULA,CORREO,PAIS,PROVINCIA,CANTON,DISTRITO,ESTADO_ID,CREADO_POR,FECHA_CREACION,MODIFICADO_POR,FECHA_MODIFICACION,ESTADO,ACCION) values (11,'Diego','61221098',990011223,'diego.rivera@outlook.com',6,11,6,11,1,'FIDE_ROPASCLARAS_FINAL',to_timestamp('10-DEC-24 12.23.46.596000000 PM','DD-MON-RR HH.MI.SSXFF AM'),'FIDE_ROPASCLARAS_FINAL',to_timestamp('10-DEC-24 12.28.28.346000000 PM','DD-MON-RR HH.MI.SSXFF AM'),'A','UPDATE');
Insert into FIDE_ROPASCLARAS_FINAL.FIDE_CLIENTES_TB (ID_CLIENTE,NOMBRE,TELEFONO,CEDULA,CORREO,PAIS,PROVINCIA,CANTON,DISTRITO,ESTADO_ID,CREADO_POR,FECHA_CREACION,MODIFICADO_POR,FECHA_MODIFICACION,ESTADO,ACCION) values (12,'Patricia','61110987',101112233,'patricia.ramirez@gmail.com',6,12,6,12,1,'FIDE_ROPASCLARAS_FINAL',to_timestamp('10-DEC-24 12.23.46.596000000 PM','DD-MON-RR HH.MI.SSXFF AM'),'FIDE_ROPASCLARAS_FINAL',to_timestamp('10-DEC-24 12.28.28.348000000 PM','DD-MON-RR HH.MI.SSXFF AM'),'A','UPDATE');
Insert into FIDE_ROPASCLARAS_FINAL.FIDE_CLIENTES_TB (ID_CLIENTE,NOMBRE,TELEFONO,CEDULA,CORREO,PAIS,PROVINCIA,CANTON,DISTRITO,ESTADO_ID,CREADO_POR,FECHA_CREACION,MODIFICADO_POR,FECHA_MODIFICACION,ESTADO,ACCION) values (13,'Andrés','61019876',112233344,'andres.jimenez@yahoo.com',7,13,7,13,1,'FIDE_ROPASCLARAS_FINAL',to_timestamp('10-DEC-24 12.23.46.597000000 PM','DD-MON-RR HH.MI.SSXFF AM'),'FIDE_ROPASCLARAS_FINAL',to_timestamp('10-DEC-24 12.28.28.353000000 PM','DD-MON-RR HH.MI.SSXFF AM'),'A','UPDATE');
Insert into FIDE_ROPASCLARAS_FINAL.FIDE_CLIENTES_TB (ID_CLIENTE,NOMBRE,TELEFONO,CEDULA,CORREO,PAIS,PROVINCIA,CANTON,DISTRITO,ESTADO_ID,CREADO_POR,FECHA_CREACION,MODIFICADO_POR,FECHA_MODIFICACION,ESTADO,ACCION) values (14,'Carmen','61908765',223344455,'carmen.morales@hotmail.com',7,14,7,14,1,'FIDE_ROPASCLARAS_FINAL',to_timestamp('10-DEC-24 12.23.46.597000000 PM','DD-MON-RR HH.MI.SSXFF AM'),'FIDE_ROPASCLARAS_FINAL',to_timestamp('10-DEC-24 12.28.28.355000000 PM','DD-MON-RR HH.MI.SSXFF AM'),'A','UPDATE');
REM INSERTING into FIDE_ROPASCLARAS_FINAL.FIDE_DISTRITO_TB
SET DEFINE OFF;
Insert into FIDE_ROPASCLARAS_FINAL.FIDE_DISTRITO_TB (ID_DISTRITO,NOMBRE,CREADO_POR,FECHA_CREACION,MODIFICADO_POR,FECHA_MODIFICACION,ESTADO,ACCION) values (1,'Carmen','FIDE_ROPASCLARAS_FINAL',to_timestamp('10-DEC-24 12.23.24.681000000 PM','DD-MON-RR HH.MI.SSXFF AM'),null,null,'A','INSERT');
Insert into FIDE_ROPASCLARAS_FINAL.FIDE_DISTRITO_TB (ID_DISTRITO,NOMBRE,CREADO_POR,FECHA_CREACION,MODIFICADO_POR,FECHA_MODIFICACION,ESTADO,ACCION) values (2,'Merced','FIDE_ROPASCLARAS_FINAL',to_timestamp('10-DEC-24 12.23.24.684000000 PM','DD-MON-RR HH.MI.SSXFF AM'),null,null,'A','INSERT');
Insert into FIDE_ROPASCLARAS_FINAL.FIDE_DISTRITO_TB (ID_DISTRITO,NOMBRE,CREADO_POR,FECHA_CREACION,MODIFICADO_POR,FECHA_MODIFICACION,ESTADO,ACCION) values (3,'Hospital','FIDE_ROPASCLARAS_FINAL',to_timestamp('10-DEC-24 12.23.24.684000000 PM','DD-MON-RR HH.MI.SSXFF AM'),null,null,'A','INSERT');
Insert into FIDE_ROPASCLARAS_FINAL.FIDE_DISTRITO_TB (ID_DISTRITO,NOMBRE,CREADO_POR,FECHA_CREACION,MODIFICADO_POR,FECHA_MODIFICACION,ESTADO,ACCION) values (4,'Zapote','FIDE_ROPASCLARAS_FINAL',to_timestamp('10-DEC-24 12.23.24.685000000 PM','DD-MON-RR HH.MI.SSXFF AM'),null,null,'A','INSERT');
Insert into FIDE_ROPASCLARAS_FINAL.FIDE_DISTRITO_TB (ID_DISTRITO,NOMBRE,CREADO_POR,FECHA_CREACION,MODIFICADO_POR,FECHA_MODIFICACION,ESTADO,ACCION) values (5,'San Francisco de Dos Ríos','FIDE_ROPASCLARAS_FINAL',to_timestamp('10-DEC-24 12.23.24.685000000 PM','DD-MON-RR HH.MI.SSXFF AM'),null,null,'A','INSERT');
Insert into FIDE_ROPASCLARAS_FINAL.FIDE_DISTRITO_TB (ID_DISTRITO,NOMBRE,CREADO_POR,FECHA_CREACION,MODIFICADO_POR,FECHA_MODIFICACION,ESTADO,ACCION) values (6,'Uruca','FIDE_ROPASCLARAS_FINAL',to_timestamp('10-DEC-24 12.23.24.686000000 PM','DD-MON-RR HH.MI.SSXFF AM'),null,null,'A','INSERT');
Insert into FIDE_ROPASCLARAS_FINAL.FIDE_DISTRITO_TB (ID_DISTRITO,NOMBRE,CREADO_POR,FECHA_CREACION,MODIFICADO_POR,FECHA_MODIFICACION,ESTADO,ACCION) values (7,'Mata Redonda','FIDE_ROPASCLARAS_FINAL',to_timestamp('10-DEC-24 12.23.24.686000000 PM','DD-MON-RR HH.MI.SSXFF AM'),null,null,'A','INSERT');
Insert into FIDE_ROPASCLARAS_FINAL.FIDE_DISTRITO_TB (ID_DISTRITO,NOMBRE,CREADO_POR,FECHA_CREACION,MODIFICADO_POR,FECHA_MODIFICACION,ESTADO,ACCION) values (8,'Pavas','FIDE_ROPASCLARAS_FINAL',to_timestamp('10-DEC-24 12.23.24.686000000 PM','DD-MON-RR HH.MI.SSXFF AM'),null,null,'A','INSERT');
Insert into FIDE_ROPASCLARAS_FINAL.FIDE_DISTRITO_TB (ID_DISTRITO,NOMBRE,CREADO_POR,FECHA_CREACION,MODIFICADO_POR,FECHA_MODIFICACION,ESTADO,ACCION) values (9,'Hatillo','FIDE_ROPASCLARAS_FINAL',to_timestamp('10-DEC-24 12.23.24.687000000 PM','DD-MON-RR HH.MI.SSXFF AM'),null,null,'A','INSERT');
Insert into FIDE_ROPASCLARAS_FINAL.FIDE_DISTRITO_TB (ID_DISTRITO,NOMBRE,CREADO_POR,FECHA_CREACION,MODIFICADO_POR,FECHA_MODIFICACION,ESTADO,ACCION) values (10,'San Sebastián','FIDE_ROPASCLARAS_FINAL',to_timestamp('10-DEC-24 12.23.24.687000000 PM','DD-MON-RR HH.MI.SSXFF AM'),null,null,'A','INSERT');
Insert into FIDE_ROPASCLARAS_FINAL.FIDE_DISTRITO_TB (ID_DISTRITO,NOMBRE,CREADO_POR,FECHA_CREACION,MODIFICADO_POR,FECHA_MODIFICACION,ESTADO,ACCION) values (11,'Escazú Centro','FIDE_ROPASCLARAS_FINAL',to_timestamp('10-DEC-24 12.23.24.688000000 PM','DD-MON-RR HH.MI.SSXFF AM'),null,null,'A','INSERT');
Insert into FIDE_ROPASCLARAS_FINAL.FIDE_DISTRITO_TB (ID_DISTRITO,NOMBRE,CREADO_POR,FECHA_CREACION,MODIFICADO_POR,FECHA_MODIFICACION,ESTADO,ACCION) values (12,'San Rafael de Escazú','FIDE_ROPASCLARAS_FINAL',to_timestamp('10-DEC-24 12.23.24.688000000 PM','DD-MON-RR HH.MI.SSXFF AM'),null,null,'A','INSERT');
Insert into FIDE_ROPASCLARAS_FINAL.FIDE_DISTRITO_TB (ID_DISTRITO,NOMBRE,CREADO_POR,FECHA_CREACION,MODIFICADO_POR,FECHA_MODIFICACION,ESTADO,ACCION) values (13,'San Antonio de Escazú','FIDE_ROPASCLARAS_FINAL',to_timestamp('10-DEC-24 12.23.24.689000000 PM','DD-MON-RR HH.MI.SSXFF AM'),null,null,'A','INSERT');
Insert into FIDE_ROPASCLARAS_FINAL.FIDE_DISTRITO_TB (ID_DISTRITO,NOMBRE,CREADO_POR,FECHA_CREACION,MODIFICADO_POR,FECHA_MODIFICACION,ESTADO,ACCION) values (14,'Gravilias','FIDE_ROPASCLARAS_FINAL',to_timestamp('10-DEC-24 12.23.24.689000000 PM','DD-MON-RR HH.MI.SSXFF AM'),null,null,'A','INSERT');
Insert into FIDE_ROPASCLARAS_FINAL.FIDE_DISTRITO_TB (ID_DISTRITO,NOMBRE,CREADO_POR,FECHA_CREACION,MODIFICADO_POR,FECHA_MODIFICACION,ESTADO,ACCION) values (15,'San Felipe','FIDE_ROPASCLARAS_FINAL',to_timestamp('10-DEC-24 12.23.24.690000000 PM','DD-MON-RR HH.MI.SSXFF AM'),null,null,'A','INSERT');
REM INSERTING into FIDE_ROPASCLARAS_FINAL.FIDE_EMPRESA_ENVIOS_TB
SET DEFINE OFF;
Insert into FIDE_ROPASCLARAS_FINAL.FIDE_EMPRESA_ENVIOS_TB (ID_MENSAJERO,EMPRESA,PRECIO,ESTADO_ID,CREADO_POR,FECHA_CREACION,MODIFICADO_POR,FECHA_MODIFICACION,ESTADO,ACCION) values (1,'Correos de Costa Rica',5000,1,'FIDE_ROPASCLARAS_FINAL',to_timestamp('10-DEC-24 12.42.14.993000000 PM','DD-MON-RR HH.MI.SSXFF AM'),null,null,'A','INSERT');
Insert into FIDE_ROPASCLARAS_FINAL.FIDE_EMPRESA_ENVIOS_TB (ID_MENSAJERO,EMPRESA,PRECIO,ESTADO_ID,CREADO_POR,FECHA_CREACION,MODIFICADO_POR,FECHA_MODIFICACION,ESTADO,ACCION) values (2,'DHL',8000,1,'FIDE_ROPASCLARAS_FINAL',to_timestamp('10-DEC-24 12.42.14.995000000 PM','DD-MON-RR HH.MI.SSXFF AM'),null,null,'A','INSERT');
Insert into FIDE_ROPASCLARAS_FINAL.FIDE_EMPRESA_ENVIOS_TB (ID_MENSAJERO,EMPRESA,PRECIO,ESTADO_ID,CREADO_POR,FECHA_CREACION,MODIFICADO_POR,FECHA_MODIFICACION,ESTADO,ACCION) values (3,'FedEx',7500,1,'FIDE_ROPASCLARAS_FINAL',to_timestamp('10-DEC-24 12.42.14.995000000 PM','DD-MON-RR HH.MI.SSXFF AM'),null,null,'A','INSERT');
Insert into FIDE_ROPASCLARAS_FINAL.FIDE_EMPRESA_ENVIOS_TB (ID_MENSAJERO,EMPRESA,PRECIO,ESTADO_ID,CREADO_POR,FECHA_CREACION,MODIFICADO_POR,FECHA_MODIFICACION,ESTADO,ACCION) values (4,'UPS',7200,1,'FIDE_ROPASCLARAS_FINAL',to_timestamp('10-DEC-24 12.42.14.996000000 PM','DD-MON-RR HH.MI.SSXFF AM'),null,null,'A','INSERT');
Insert into FIDE_ROPASCLARAS_FINAL.FIDE_EMPRESA_ENVIOS_TB (ID_MENSAJERO,EMPRESA,PRECIO,ESTADO_ID,CREADO_POR,FECHA_CREACION,MODIFICADO_POR,FECHA_MODIFICACION,ESTADO,ACCION) values (5,'Estafeta',6000,1,'FIDE_ROPASCLARAS_FINAL',to_timestamp('10-DEC-24 12.42.14.996000000 PM','DD-MON-RR HH.MI.SSXFF AM'),null,null,'A','INSERT');
Insert into FIDE_ROPASCLARAS_FINAL.FIDE_EMPRESA_ENVIOS_TB (ID_MENSAJERO,EMPRESA,PRECIO,ESTADO_ID,CREADO_POR,FECHA_CREACION,MODIFICADO_POR,FECHA_MODIFICACION,ESTADO,ACCION) values (6,'Tigo',5500,1,'FIDE_ROPASCLARAS_FINAL',to_timestamp('10-DEC-24 12.42.14.997000000 PM','DD-MON-RR HH.MI.SSXFF AM'),null,null,'A','INSERT');
Insert into FIDE_ROPASCLARAS_FINAL.FIDE_EMPRESA_ENVIOS_TB (ID_MENSAJERO,EMPRESA,PRECIO,ESTADO_ID,CREADO_POR,FECHA_CREACION,MODIFICADO_POR,FECHA_MODIFICACION,ESTADO,ACCION) values (7,'Cargill',6400,1,'FIDE_ROPASCLARAS_FINAL',to_timestamp('10-DEC-24 12.42.14.998000000 PM','DD-MON-RR HH.MI.SSXFF AM'),null,null,'A','INSERT');
Insert into FIDE_ROPASCLARAS_FINAL.FIDE_EMPRESA_ENVIOS_TB (ID_MENSAJERO,EMPRESA,PRECIO,ESTADO_ID,CREADO_POR,FECHA_CREACION,MODIFICADO_POR,FECHA_MODIFICACION,ESTADO,ACCION) values (8,'RedPack',5000,1,'FIDE_ROPASCLARAS_FINAL',to_timestamp('10-DEC-24 12.42.14.998000000 PM','DD-MON-RR HH.MI.SSXFF AM'),null,null,'A','INSERT');
Insert into FIDE_ROPASCLARAS_FINAL.FIDE_EMPRESA_ENVIOS_TB (ID_MENSAJERO,EMPRESA,PRECIO,ESTADO_ID,CREADO_POR,FECHA_CREACION,MODIFICADO_POR,FECHA_MODIFICACION,ESTADO,ACCION) values (9,'Azul Cargo',6800,1,'FIDE_ROPASCLARAS_FINAL',to_timestamp('10-DEC-24 12.42.15.000000000 PM','DD-MON-RR HH.MI.SSXFF AM'),null,null,'A','INSERT');
Insert into FIDE_ROPASCLARAS_FINAL.FIDE_EMPRESA_ENVIOS_TB (ID_MENSAJERO,EMPRESA,PRECIO,ESTADO_ID,CREADO_POR,FECHA_CREACION,MODIFICADO_POR,FECHA_MODIFICACION,ESTADO,ACCION) values (10,'TMS',5300,1,'FIDE_ROPASCLARAS_FINAL',to_timestamp('10-DEC-24 12.42.15.001000000 PM','DD-MON-RR HH.MI.SSXFF AM'),null,null,'A','INSERT');
Insert into FIDE_ROPASCLARAS_FINAL.FIDE_EMPRESA_ENVIOS_TB (ID_MENSAJERO,EMPRESA,PRECIO,ESTADO_ID,CREADO_POR,FECHA_CREACION,MODIFICADO_POR,FECHA_MODIFICACION,ESTADO,ACCION) values (11,'JetBox',6100,1,'FIDE_ROPASCLARAS_FINAL',to_timestamp('10-DEC-24 12.42.15.001000000 PM','DD-MON-RR HH.MI.SSXFF AM'),null,null,'A','INSERT');
Insert into FIDE_ROPASCLARAS_FINAL.FIDE_EMPRESA_ENVIOS_TB (ID_MENSAJERO,EMPRESA,PRECIO,ESTADO_ID,CREADO_POR,FECHA_CREACION,MODIFICADO_POR,FECHA_MODIFICACION,ESTADO,ACCION) values (12,'Blue Parcel',5600,1,'FIDE_ROPASCLARAS_FINAL',to_timestamp('10-DEC-24 12.42.15.001000000 PM','DD-MON-RR HH.MI.SSXFF AM'),null,null,'A','INSERT');
Insert into FIDE_ROPASCLARAS_FINAL.FIDE_EMPRESA_ENVIOS_TB (ID_MENSAJERO,EMPRESA,PRECIO,ESTADO_ID,CREADO_POR,FECHA_CREACION,MODIFICADO_POR,FECHA_MODIFICACION,ESTADO,ACCION) values (13,'MRW',5000,1,'FIDE_ROPASCLARAS_FINAL',to_timestamp('10-DEC-24 12.42.15.002000000 PM','DD-MON-RR HH.MI.SSXFF AM'),null,null,'A','INSERT');
Insert into FIDE_ROPASCLARAS_FINAL.FIDE_EMPRESA_ENVIOS_TB (ID_MENSAJERO,EMPRESA,PRECIO,ESTADO_ID,CREADO_POR,FECHA_CREACION,MODIFICADO_POR,FECHA_MODIFICACION,ESTADO,ACCION) values (14,'Kiala',4900,1,'FIDE_ROPASCLARAS_FINAL',to_timestamp('10-DEC-24 12.42.15.003000000 PM','DD-MON-RR HH.MI.SSXFF AM'),null,null,'A','INSERT');
Insert into FIDE_ROPASCLARAS_FINAL.FIDE_EMPRESA_ENVIOS_TB (ID_MENSAJERO,EMPRESA,PRECIO,ESTADO_ID,CREADO_POR,FECHA_CREACION,MODIFICADO_POR,FECHA_MODIFICACION,ESTADO,ACCION) values (15,'Interlink',6700,1,'FIDE_ROPASCLARAS_FINAL',to_timestamp('10-DEC-24 12.42.15.003000000 PM','DD-MON-RR HH.MI.SSXFF AM'),null,null,'A','INSERT');
REM INSERTING into FIDE_ROPASCLARAS_FINAL.FIDE_ENVIOS_TB
SET DEFINE OFF;
Insert into FIDE_ROPASCLARAS_FINAL.FIDE_ENVIOS_TB (ID_ENVIOS,CLIENTE_ID,PRODUCTO_ID,EMPRESA_ID,ESTADO_ID,CREADO_POR,FECHA_CREACION,MODIFICADO_POR,FECHA_MODIFICACION,ESTADO,ACCION) values (2,1,2,1,1,'FIDE_ROPASCLARAS_FINAL',to_timestamp('10-DEC-24 12.42.51.216000000 PM','DD-MON-RR HH.MI.SSXFF AM'),null,null,'A','INSERT');
Insert into FIDE_ROPASCLARAS_FINAL.FIDE_ENVIOS_TB (ID_ENVIOS,CLIENTE_ID,PRODUCTO_ID,EMPRESA_ID,ESTADO_ID,CREADO_POR,FECHA_CREACION,MODIFICADO_POR,FECHA_MODIFICACION,ESTADO,ACCION) values (3,2,3,2,1,'FIDE_ROPASCLARAS_FINAL',to_timestamp('10-DEC-24 12.42.51.217000000 PM','DD-MON-RR HH.MI.SSXFF AM'),null,null,'A','INSERT');
Insert into FIDE_ROPASCLARAS_FINAL.FIDE_ENVIOS_TB (ID_ENVIOS,CLIENTE_ID,PRODUCTO_ID,EMPRESA_ID,ESTADO_ID,CREADO_POR,FECHA_CREACION,MODIFICADO_POR,FECHA_MODIFICACION,ESTADO,ACCION) values (4,3,4,1,1,'FIDE_ROPASCLARAS_FINAL',to_timestamp('10-DEC-24 12.42.51.218000000 PM','DD-MON-RR HH.MI.SSXFF AM'),null,null,'A','INSERT');
Insert into FIDE_ROPASCLARAS_FINAL.FIDE_ENVIOS_TB (ID_ENVIOS,CLIENTE_ID,PRODUCTO_ID,EMPRESA_ID,ESTADO_ID,CREADO_POR,FECHA_CREACION,MODIFICADO_POR,FECHA_MODIFICACION,ESTADO,ACCION) values (5,4,5,3,1,'FIDE_ROPASCLARAS_FINAL',to_timestamp('10-DEC-24 12.42.51.219000000 PM','DD-MON-RR HH.MI.SSXFF AM'),null,null,'A','INSERT');
Insert into FIDE_ROPASCLARAS_FINAL.FIDE_ENVIOS_TB (ID_ENVIOS,CLIENTE_ID,PRODUCTO_ID,EMPRESA_ID,ESTADO_ID,CREADO_POR,FECHA_CREACION,MODIFICADO_POR,FECHA_MODIFICACION,ESTADO,ACCION) values (6,5,6,2,1,'FIDE_ROPASCLARAS_FINAL',to_timestamp('10-DEC-24 12.42.51.219000000 PM','DD-MON-RR HH.MI.SSXFF AM'),null,null,'A','INSERT');
Insert into FIDE_ROPASCLARAS_FINAL.FIDE_ENVIOS_TB (ID_ENVIOS,CLIENTE_ID,PRODUCTO_ID,EMPRESA_ID,ESTADO_ID,CREADO_POR,FECHA_CREACION,MODIFICADO_POR,FECHA_MODIFICACION,ESTADO,ACCION) values (7,6,7,1,1,'FIDE_ROPASCLARAS_FINAL',to_timestamp('10-DEC-24 12.42.51.219000000 PM','DD-MON-RR HH.MI.SSXFF AM'),null,null,'A','INSERT');
Insert into FIDE_ROPASCLARAS_FINAL.FIDE_ENVIOS_TB (ID_ENVIOS,CLIENTE_ID,PRODUCTO_ID,EMPRESA_ID,ESTADO_ID,CREADO_POR,FECHA_CREACION,MODIFICADO_POR,FECHA_MODIFICACION,ESTADO,ACCION) values (8,7,8,3,1,'FIDE_ROPASCLARAS_FINAL',to_timestamp('10-DEC-24 12.42.51.220000000 PM','DD-MON-RR HH.MI.SSXFF AM'),null,null,'A','INSERT');
Insert into FIDE_ROPASCLARAS_FINAL.FIDE_ENVIOS_TB (ID_ENVIOS,CLIENTE_ID,PRODUCTO_ID,EMPRESA_ID,ESTADO_ID,CREADO_POR,FECHA_CREACION,MODIFICADO_POR,FECHA_MODIFICACION,ESTADO,ACCION) values (9,8,9,2,1,'FIDE_ROPASCLARAS_FINAL',to_timestamp('10-DEC-24 12.42.51.220000000 PM','DD-MON-RR HH.MI.SSXFF AM'),null,null,'A','INSERT');
Insert into FIDE_ROPASCLARAS_FINAL.FIDE_ENVIOS_TB (ID_ENVIOS,CLIENTE_ID,PRODUCTO_ID,EMPRESA_ID,ESTADO_ID,CREADO_POR,FECHA_CREACION,MODIFICADO_POR,FECHA_MODIFICACION,ESTADO,ACCION) values (10,9,10,1,1,'FIDE_ROPASCLARAS_FINAL',to_timestamp('10-DEC-24 12.42.51.221000000 PM','DD-MON-RR HH.MI.SSXFF AM'),null,null,'A','INSERT');
Insert into FIDE_ROPASCLARAS_FINAL.FIDE_ENVIOS_TB (ID_ENVIOS,CLIENTE_ID,PRODUCTO_ID,EMPRESA_ID,ESTADO_ID,CREADO_POR,FECHA_CREACION,MODIFICADO_POR,FECHA_MODIFICACION,ESTADO,ACCION) values (11,10,11,3,1,'FIDE_ROPASCLARAS_FINAL',to_timestamp('10-DEC-24 12.42.51.221000000 PM','DD-MON-RR HH.MI.SSXFF AM'),null,null,'A','INSERT');
Insert into FIDE_ROPASCLARAS_FINAL.FIDE_ENVIOS_TB (ID_ENVIOS,CLIENTE_ID,PRODUCTO_ID,EMPRESA_ID,ESTADO_ID,CREADO_POR,FECHA_CREACION,MODIFICADO_POR,FECHA_MODIFICACION,ESTADO,ACCION) values (12,11,12,2,1,'FIDE_ROPASCLARAS_FINAL',to_timestamp('10-DEC-24 12.42.51.221000000 PM','DD-MON-RR HH.MI.SSXFF AM'),null,null,'A','INSERT');
Insert into FIDE_ROPASCLARAS_FINAL.FIDE_ENVIOS_TB (ID_ENVIOS,CLIENTE_ID,PRODUCTO_ID,EMPRESA_ID,ESTADO_ID,CREADO_POR,FECHA_CREACION,MODIFICADO_POR,FECHA_MODIFICACION,ESTADO,ACCION) values (13,12,13,1,1,'FIDE_ROPASCLARAS_FINAL',to_timestamp('10-DEC-24 12.42.51.222000000 PM','DD-MON-RR HH.MI.SSXFF AM'),null,null,'A','INSERT');
Insert into FIDE_ROPASCLARAS_FINAL.FIDE_ENVIOS_TB (ID_ENVIOS,CLIENTE_ID,PRODUCTO_ID,EMPRESA_ID,ESTADO_ID,CREADO_POR,FECHA_CREACION,MODIFICADO_POR,FECHA_MODIFICACION,ESTADO,ACCION) values (14,13,14,3,1,'FIDE_ROPASCLARAS_FINAL',to_timestamp('10-DEC-24 12.42.51.222000000 PM','DD-MON-RR HH.MI.SSXFF AM'),null,null,'A','INSERT');
Insert into FIDE_ROPASCLARAS_FINAL.FIDE_ENVIOS_TB (ID_ENVIOS,CLIENTE_ID,PRODUCTO_ID,EMPRESA_ID,ESTADO_ID,CREADO_POR,FECHA_CREACION,MODIFICADO_POR,FECHA_MODIFICACION,ESTADO,ACCION) values (15,14,15,2,1,'FIDE_ROPASCLARAS_FINAL',to_timestamp('10-DEC-24 12.42.51.223000000 PM','DD-MON-RR HH.MI.SSXFF AM'),null,null,'A','INSERT');
REM INSERTING into FIDE_ROPASCLARAS_FINAL.FIDE_ESTADO_TB
SET DEFINE OFF;
Insert into FIDE_ROPASCLARAS_FINAL.FIDE_ESTADO_TB (ID_ESTADO,NOMBRE_ESTADO,CREADO_POR,FECHA_CREACION,MODIFICADO_POR,FECHA_MODIFICACION,ESTADO,ACCION) values (1,'Activo','FIDE_ROPASCLARAS_FINAL',to_timestamp('10-DEC-24 12.20.14.987000000 PM','DD-MON-RR HH.MI.SSXFF AM'),null,null,'A','INSERT');
Insert into FIDE_ROPASCLARAS_FINAL.FIDE_ESTADO_TB (ID_ESTADO,NOMBRE_ESTADO,CREADO_POR,FECHA_CREACION,MODIFICADO_POR,FECHA_MODIFICACION,ESTADO,ACCION) values (2,'Inactivo','FIDE_ROPASCLARAS_FINAL',to_timestamp('10-DEC-24 12.20.14.989000000 PM','DD-MON-RR HH.MI.SSXFF AM'),null,null,'A','INSERT');
REM INSERTING into FIDE_ROPASCLARAS_FINAL.FIDE_FACTURA_TB
SET DEFINE OFF;
Insert into FIDE_ROPASCLARAS_FINAL.FIDE_FACTURA_TB (ID_FACTURA,CLIENTE_ID,METODO_ID,DETALLE,TOTALDELINEAS,TOTAL,SUBTOTAL,IVA,COSTO_ENVIO,ESTADO_ID,CARRITO_ID,CREADO_POR,FECHA_CREACION,MODIFICADO_POR,FECHA_MODIFICACION,ESTADO,ACCION) values (1,1,1,'Compra de Ropa',3,12000,10000,2000,500,1,101,'FIDE_ROPASCLARAS_FINAL',to_timestamp('10-DEC-24 12.37.43.151000000 PM','DD-MON-RR HH.MI.SSXFF AM'),null,null,'A','INSERT');
Insert into FIDE_ROPASCLARAS_FINAL.FIDE_FACTURA_TB (ID_FACTURA,CLIENTE_ID,METODO_ID,DETALLE,TOTALDELINEAS,TOTAL,SUBTOTAL,IVA,COSTO_ENVIO,ESTADO_ID,CARRITO_ID,CREADO_POR,FECHA_CREACION,MODIFICADO_POR,FECHA_MODIFICACION,ESTADO,ACCION) values (2,2,2,'Compra de Accesorios',2,8000,7000,1400,600,2,102,'FIDE_ROPASCLARAS_FINAL',to_timestamp('10-DEC-24 12.37.43.151000000 PM','DD-MON-RR HH.MI.SSXFF AM'),null,null,'A','INSERT');
Insert into FIDE_ROPASCLARAS_FINAL.FIDE_FACTURA_TB (ID_FACTURA,CLIENTE_ID,METODO_ID,DETALLE,TOTALDELINEAS,TOTAL,SUBTOTAL,IVA,COSTO_ENVIO,ESTADO_ID,CARRITO_ID,CREADO_POR,FECHA_CREACION,MODIFICADO_POR,FECHA_MODIFICACION,ESTADO,ACCION) values (3,3,1,'Compra de Zapatos',1,5000,4500,900,400,1,103,'FIDE_ROPASCLARAS_FINAL',to_timestamp('10-DEC-24 12.37.43.152000000 PM','DD-MON-RR HH.MI.SSXFF AM'),null,null,'A','INSERT');
Insert into FIDE_ROPASCLARAS_FINAL.FIDE_FACTURA_TB (ID_FACTURA,CLIENTE_ID,METODO_ID,DETALLE,TOTALDELINEAS,TOTAL,SUBTOTAL,IVA,COSTO_ENVIO,ESTADO_ID,CARRITO_ID,CREADO_POR,FECHA_CREACION,MODIFICADO_POR,FECHA_MODIFICACION,ESTADO,ACCION) values (4,4,3,'Compra de Perfumes',4,15000,12000,3000,700,2,104,'FIDE_ROPASCLARAS_FINAL',to_timestamp('10-DEC-24 12.37.43.152000000 PM','DD-MON-RR HH.MI.SSXFF AM'),null,null,'A','INSERT');
Insert into FIDE_ROPASCLARAS_FINAL.FIDE_FACTURA_TB (ID_FACTURA,CLIENTE_ID,METODO_ID,DETALLE,TOTALDELINEAS,TOTAL,SUBTOTAL,IVA,COSTO_ENVIO,ESTADO_ID,CARRITO_ID,CREADO_POR,FECHA_CREACION,MODIFICADO_POR,FECHA_MODIFICACION,ESTADO,ACCION) values (5,5,4,'Compra de Bolsos',2,10000,9000,1800,450,1,105,'FIDE_ROPASCLARAS_FINAL',to_timestamp('10-DEC-24 12.37.43.152000000 PM','DD-MON-RR HH.MI.SSXFF AM'),null,null,'A','INSERT');
Insert into FIDE_ROPASCLARAS_FINAL.FIDE_FACTURA_TB (ID_FACTURA,CLIENTE_ID,METODO_ID,DETALLE,TOTALDELINEAS,TOTAL,SUBTOTAL,IVA,COSTO_ENVIO,ESTADO_ID,CARRITO_ID,CREADO_POR,FECHA_CREACION,MODIFICADO_POR,FECHA_MODIFICACION,ESTADO,ACCION) values (6,6,2,'Compra de Camisetas',3,6000,5000,1000,300,1,106,'FIDE_ROPASCLARAS_FINAL',to_timestamp('10-DEC-24 12.37.43.153000000 PM','DD-MON-RR HH.MI.SSXFF AM'),null,null,'A','INSERT');
Insert into FIDE_ROPASCLARAS_FINAL.FIDE_FACTURA_TB (ID_FACTURA,CLIENTE_ID,METODO_ID,DETALLE,TOTALDELINEAS,TOTAL,SUBTOTAL,IVA,COSTO_ENVIO,ESTADO_ID,CARRITO_ID,CREADO_POR,FECHA_CREACION,MODIFICADO_POR,FECHA_MODIFICACION,ESTADO,ACCION) values (7,7,1,'Compra de Juguetes',1,4000,3500,700,350,2,107,'FIDE_ROPASCLARAS_FINAL',to_timestamp('10-DEC-24 12.37.43.153000000 PM','DD-MON-RR HH.MI.SSXFF AM'),null,null,'A','INSERT');
Insert into FIDE_ROPASCLARAS_FINAL.FIDE_FACTURA_TB (ID_FACTURA,CLIENTE_ID,METODO_ID,DETALLE,TOTALDELINEAS,TOTAL,SUBTOTAL,IVA,COSTO_ENVIO,ESTADO_ID,CARRITO_ID,CREADO_POR,FECHA_CREACION,MODIFICADO_POR,FECHA_MODIFICACION,ESTADO,ACCION) values (8,8,5,'Compra de Sillas',4,20000,18000,3600,800,2,108,'FIDE_ROPASCLARAS_FINAL',to_timestamp('10-DEC-24 12.37.43.154000000 PM','DD-MON-RR HH.MI.SSXFF AM'),null,null,'A','INSERT');
Insert into FIDE_ROPASCLARAS_FINAL.FIDE_FACTURA_TB (ID_FACTURA,CLIENTE_ID,METODO_ID,DETALLE,TOTALDELINEAS,TOTAL,SUBTOTAL,IVA,COSTO_ENVIO,ESTADO_ID,CARRITO_ID,CREADO_POR,FECHA_CREACION,MODIFICADO_POR,FECHA_MODIFICACION,ESTADO,ACCION) values (9,9,6,'Compra de Muebles',2,11000,10000,2000,500,1,109,'FIDE_ROPASCLARAS_FINAL',to_timestamp('10-DEC-24 12.37.43.154000000 PM','DD-MON-RR HH.MI.SSXFF AM'),null,null,'A','INSERT');
Insert into FIDE_ROPASCLARAS_FINAL.FIDE_FACTURA_TB (ID_FACTURA,CLIENTE_ID,METODO_ID,DETALLE,TOTALDELINEAS,TOTAL,SUBTOTAL,IVA,COSTO_ENVIO,ESTADO_ID,CARRITO_ID,CREADO_POR,FECHA_CREACION,MODIFICADO_POR,FECHA_MODIFICACION,ESTADO,ACCION) values (10,10,7,'Compra de Artículos de Cocina',3,7000,6000,1200,350,1,110,'FIDE_ROPASCLARAS_FINAL',to_timestamp('10-DEC-24 12.37.43.154000000 PM','DD-MON-RR HH.MI.SSXFF AM'),null,null,'A','INSERT');
Insert into FIDE_ROPASCLARAS_FINAL.FIDE_FACTURA_TB (ID_FACTURA,CLIENTE_ID,METODO_ID,DETALLE,TOTALDELINEAS,TOTAL,SUBTOTAL,IVA,COSTO_ENVIO,ESTADO_ID,CARRITO_ID,CREADO_POR,FECHA_CREACION,MODIFICADO_POR,FECHA_MODIFICACION,ESTADO,ACCION) values (11,11,3,'Compra de Teléfonos',1,15000,12000,2400,600,2,111,'FIDE_ROPASCLARAS_FINAL',to_timestamp('10-DEC-24 12.37.43.155000000 PM','DD-MON-RR HH.MI.SSXFF AM'),null,null,'A','INSERT');
Insert into FIDE_ROPASCLARAS_FINAL.FIDE_FACTURA_TB (ID_FACTURA,CLIENTE_ID,METODO_ID,DETALLE,TOTALDELINEAS,TOTAL,SUBTOTAL,IVA,COSTO_ENVIO,ESTADO_ID,CARRITO_ID,CREADO_POR,FECHA_CREACION,MODIFICADO_POR,FECHA_MODIFICACION,ESTADO,ACCION) values (12,12,4,'Compra de Electrónica',4,18000,15000,3000,700,2,112,'FIDE_ROPASCLARAS_FINAL',to_timestamp('10-DEC-24 12.37.43.155000000 PM','DD-MON-RR HH.MI.SSXFF AM'),null,null,'A','INSERT');
Insert into FIDE_ROPASCLARAS_FINAL.FIDE_FACTURA_TB (ID_FACTURA,CLIENTE_ID,METODO_ID,DETALLE,TOTALDELINEAS,TOTAL,SUBTOTAL,IVA,COSTO_ENVIO,ESTADO_ID,CARRITO_ID,CREADO_POR,FECHA_CREACION,MODIFICADO_POR,FECHA_MODIFICACION,ESTADO,ACCION) values (13,13,5,'Compra de Tecnología',3,20000,18000,3600,750,1,113,'FIDE_ROPASCLARAS_FINAL',to_timestamp('10-DEC-24 12.37.43.155000000 PM','DD-MON-RR HH.MI.SSXFF AM'),null,null,'A','INSERT');
Insert into FIDE_ROPASCLARAS_FINAL.FIDE_FACTURA_TB (ID_FACTURA,CLIENTE_ID,METODO_ID,DETALLE,TOTALDELINEAS,TOTAL,SUBTOTAL,IVA,COSTO_ENVIO,ESTADO_ID,CARRITO_ID,CREADO_POR,FECHA_CREACION,MODIFICADO_POR,FECHA_MODIFICACION,ESTADO,ACCION) values (14,14,6,'Compra de Relojes',2,9000,8000,1600,450,1,114,'FIDE_ROPASCLARAS_FINAL',to_timestamp('10-DEC-24 12.37.43.156000000 PM','DD-MON-RR HH.MI.SSXFF AM'),null,null,'A','INSERT');
REM INSERTING into FIDE_ROPASCLARAS_FINAL.FIDE_FEEDBACK_TB
SET DEFINE OFF;
Insert into FIDE_ROPASCLARAS_FINAL.FIDE_FEEDBACK_TB (ID_FEEDBACK,CLIENTE_ID,PRODUCTO_ID,COMENTARIO,ESTADO_ID,CREADO_POR,FECHA_CREACION,MODIFICADO_POR,FECHA_MODIFICACION,ESTADO,ACCION) values (21,1,1,'Excelente servicio y productos de calidad.',1,'FIDE_ROPASCLARAS_FINAL',to_timestamp('10-DEC-24 01.08.30.440000000 PM','DD-MON-RR HH.MI.SSXFF AM'),null,null,'A','INSERT');
Insert into FIDE_ROPASCLARAS_FINAL.FIDE_FEEDBACK_TB (ID_FEEDBACK,CLIENTE_ID,PRODUCTO_ID,COMENTARIO,ESTADO_ID,CREADO_POR,FECHA_CREACION,MODIFICADO_POR,FECHA_MODIFICACION,ESTADO,ACCION) values (22,2,1,'Muy buena atención al cliente.',1,'FIDE_ROPASCLARAS_FINAL',to_timestamp('10-DEC-24 01.08.30.447000000 PM','DD-MON-RR HH.MI.SSXFF AM'),null,null,'A','INSERT');
Insert into FIDE_ROPASCLARAS_FINAL.FIDE_FEEDBACK_TB (ID_FEEDBACK,CLIENTE_ID,PRODUCTO_ID,COMENTARIO,ESTADO_ID,CREADO_POR,FECHA_CREACION,MODIFICADO_POR,FECHA_MODIFICACION,ESTADO,ACCION) values (23,3,1,'La entrega fue puntual, todo perfecto.',1,'FIDE_ROPASCLARAS_FINAL',to_timestamp('10-DEC-24 01.08.30.448000000 PM','DD-MON-RR HH.MI.SSXFF AM'),null,null,'A','INSERT');
Insert into FIDE_ROPASCLARAS_FINAL.FIDE_FEEDBACK_TB (ID_FEEDBACK,CLIENTE_ID,PRODUCTO_ID,COMENTARIO,ESTADO_ID,CREADO_POR,FECHA_CREACION,MODIFICADO_POR,FECHA_MODIFICACION,ESTADO,ACCION) values (24,4,1,'Recomiendo este sitio, buena variedad.',1,'FIDE_ROPASCLARAS_FINAL',to_timestamp('10-DEC-24 01.08.30.451000000 PM','DD-MON-RR HH.MI.SSXFF AM'),null,null,'A','INSERT');
Insert into FIDE_ROPASCLARAS_FINAL.FIDE_FEEDBACK_TB (ID_FEEDBACK,CLIENTE_ID,PRODUCTO_ID,COMENTARIO,ESTADO_ID,CREADO_POR,FECHA_CREACION,MODIFICADO_POR,FECHA_MODIFICACION,ESTADO,ACCION) values (25,5,2,'El producto llegó dañado, espero que me ayuden.',2,'FIDE_ROPASCLARAS_FINAL',to_timestamp('10-DEC-24 01.08.30.451000000 PM','DD-MON-RR HH.MI.SSXFF AM'),null,null,'A','INSERT');
Insert into FIDE_ROPASCLARAS_FINAL.FIDE_FEEDBACK_TB (ID_FEEDBACK,CLIENTE_ID,PRODUCTO_ID,COMENTARIO,ESTADO_ID,CREADO_POR,FECHA_CREACION,MODIFICADO_POR,FECHA_MODIFICACION,ESTADO,ACCION) values (26,6,1,'Muy fácil de navegar, excelente experiencia de compra.',1,'FIDE_ROPASCLARAS_FINAL',to_timestamp('10-DEC-24 01.08.30.452000000 PM','DD-MON-RR HH.MI.SSXFF AM'),null,null,'A','INSERT');
Insert into FIDE_ROPASCLARAS_FINAL.FIDE_FEEDBACK_TB (ID_FEEDBACK,CLIENTE_ID,PRODUCTO_ID,COMENTARIO,ESTADO_ID,CREADO_POR,FECHA_CREACION,MODIFICADO_POR,FECHA_MODIFICACION,ESTADO,ACCION) values (27,7,1,'La calidad de los productos es insuperable.',1,'FIDE_ROPASCLARAS_FINAL',to_timestamp('10-DEC-24 01.08.30.452000000 PM','DD-MON-RR HH.MI.SSXFF AM'),null,null,'A','INSERT');
Insert into FIDE_ROPASCLARAS_FINAL.FIDE_FEEDBACK_TB (ID_FEEDBACK,CLIENTE_ID,PRODUCTO_ID,COMENTARIO,ESTADO_ID,CREADO_POR,FECHA_CREACION,MODIFICADO_POR,FECHA_MODIFICACION,ESTADO,ACCION) values (28,8,2,'Algunas opciones de pago son limitadas.',2,'FIDE_ROPASCLARAS_FINAL',to_timestamp('10-DEC-24 01.08.30.452000000 PM','DD-MON-RR HH.MI.SSXFF AM'),null,null,'A','INSERT');
Insert into FIDE_ROPASCLARAS_FINAL.FIDE_FEEDBACK_TB (ID_FEEDBACK,CLIENTE_ID,PRODUCTO_ID,COMENTARIO,ESTADO_ID,CREADO_POR,FECHA_CREACION,MODIFICADO_POR,FECHA_MODIFICACION,ESTADO,ACCION) values (29,9,1,'Me encantaron los precios, volveré a comprar.',1,'FIDE_ROPASCLARAS_FINAL',to_timestamp('10-DEC-24 01.08.30.453000000 PM','DD-MON-RR HH.MI.SSXFF AM'),null,null,'A','INSERT');
Insert into FIDE_ROPASCLARAS_FINAL.FIDE_FEEDBACK_TB (ID_FEEDBACK,CLIENTE_ID,PRODUCTO_ID,COMENTARIO,ESTADO_ID,CREADO_POR,FECHA_CREACION,MODIFICADO_POR,FECHA_MODIFICACION,ESTADO,ACCION) values (30,10,2,'Tuve problemas con la entrega, pero la atención fue buena.',2,'FIDE_ROPASCLARAS_FINAL',to_timestamp('10-DEC-24 01.08.30.453000000 PM','DD-MON-RR HH.MI.SSXFF AM'),null,null,'A','INSERT');
Insert into FIDE_ROPASCLARAS_FINAL.FIDE_FEEDBACK_TB (ID_FEEDBACK,CLIENTE_ID,PRODUCTO_ID,COMENTARIO,ESTADO_ID,CREADO_POR,FECHA_CREACION,MODIFICADO_POR,FECHA_MODIFICACION,ESTADO,ACCION) values (31,11,1,'La compra fue rápida y todo llegó bien.',1,'FIDE_ROPASCLARAS_FINAL',to_timestamp('10-DEC-24 01.08.30.454000000 PM','DD-MON-RR HH.MI.SSXFF AM'),null,null,'A','INSERT');
Insert into FIDE_ROPASCLARAS_FINAL.FIDE_FEEDBACK_TB (ID_FEEDBACK,CLIENTE_ID,PRODUCTO_ID,COMENTARIO,ESTADO_ID,CREADO_POR,FECHA_CREACION,MODIFICADO_POR,FECHA_MODIFICACION,ESTADO,ACCION) values (32,12,1,'Todo perfecto, como esperaba.',1,'FIDE_ROPASCLARAS_FINAL',to_timestamp('10-DEC-24 01.08.30.454000000 PM','DD-MON-RR HH.MI.SSXFF AM'),null,null,'A','INSERT');
Insert into FIDE_ROPASCLARAS_FINAL.FIDE_FEEDBACK_TB (ID_FEEDBACK,CLIENTE_ID,PRODUCTO_ID,COMENTARIO,ESTADO_ID,CREADO_POR,FECHA_CREACION,MODIFICADO_POR,FECHA_MODIFICACION,ESTADO,ACCION) values (33,13,1,'Gran variedad de productos, siempre encuentro lo que busco.',1,'FIDE_ROPASCLARAS_FINAL',to_timestamp('10-DEC-24 01.08.30.454000000 PM','DD-MON-RR HH.MI.SSXFF AM'),null,null,'A','INSERT');
Insert into FIDE_ROPASCLARAS_FINAL.FIDE_FEEDBACK_TB (ID_FEEDBACK,CLIENTE_ID,PRODUCTO_ID,COMENTARIO,ESTADO_ID,CREADO_POR,FECHA_CREACION,MODIFICADO_POR,FECHA_MODIFICACION,ESTADO,ACCION) values (34,14,1,'El proceso de devolución fue sencillo, muy agradecido.',1,'FIDE_ROPASCLARAS_FINAL',to_timestamp('10-DEC-24 01.08.30.455000000 PM','DD-MON-RR HH.MI.SSXFF AM'),null,null,'A','INSERT');
REM INSERTING into FIDE_ROPASCLARAS_FINAL.FIDE_INVENTARIO_TB
SET DEFINE OFF;
Insert into FIDE_ROPASCLARAS_FINAL.FIDE_INVENTARIO_TB (ID_PRODUCTO,NOMBRE,PRECIO,DETALLE,CANTIDAD,CATEGORIA,PROVEEDOR_ID,ESTADO_ID,FECHA_ENTRADA,CREADO_POR,FECHA_CREACION,MODIFICADO_POR,FECHA_MODIFICACION,ESTADO,ACCION) values (1,'Laptop Dell',500,'Laptop con procesador Intel i7',10,'Electrónica',1,1,null,'FIDE_ROPASCLARAS_FINAL',to_timestamp('10-DEC-24 12.29.31.859000000 PM','DD-MON-RR HH.MI.SSXFF AM'),null,null,'A','INSERT');
Insert into FIDE_ROPASCLARAS_FINAL.FIDE_INVENTARIO_TB (ID_PRODUCTO,NOMBRE,PRECIO,DETALLE,CANTIDAD,CATEGORIA,PROVEEDOR_ID,ESTADO_ID,FECHA_ENTRADA,CREADO_POR,FECHA_CREACION,MODIFICADO_POR,FECHA_MODIFICACION,ESTADO,ACCION) values (2,'Camiseta Nike',30,'Camiseta deportiva de algodón',100,'Ropa',2,1,null,'FIDE_ROPASCLARAS_FINAL',to_timestamp('10-DEC-24 12.29.31.860000000 PM','DD-MON-RR HH.MI.SSXFF AM'),null,null,'A','INSERT');
Insert into FIDE_ROPASCLARAS_FINAL.FIDE_INVENTARIO_TB (ID_PRODUCTO,NOMBRE,PRECIO,DETALLE,CANTIDAD,CATEGORIA,PROVEEDOR_ID,ESTADO_ID,FECHA_ENTRADA,CREADO_POR,FECHA_CREACION,MODIFICADO_POR,FECHA_MODIFICACION,ESTADO,ACCION) values (3,'Silla ergonómica',120,'Silla cómoda para oficina',15,'Mobiliario',3,1,null,'FIDE_ROPASCLARAS_FINAL',to_timestamp('10-DEC-24 12.29.31.861000000 PM','DD-MON-RR HH.MI.SSXFF AM'),null,null,'A','INSERT');
Insert into FIDE_ROPASCLARAS_FINAL.FIDE_INVENTARIO_TB (ID_PRODUCTO,NOMBRE,PRECIO,DETALLE,CANTIDAD,CATEGORIA,PROVEEDOR_ID,ESTADO_ID,FECHA_ENTRADA,CREADO_POR,FECHA_CREACION,MODIFICADO_POR,FECHA_MODIFICACION,ESTADO,ACCION) values (4,'Pizza de pepperoni',8,'Pizza grande con pepperoni',50,'Alimentos',4,1,null,'FIDE_ROPASCLARAS_FINAL',to_timestamp('10-DEC-24 12.29.31.861000000 PM','DD-MON-RR HH.MI.SSXFF AM'),null,null,'A','INSERT');
Insert into FIDE_ROPASCLARAS_FINAL.FIDE_INVENTARIO_TB (ID_PRODUCTO,NOMBRE,PRECIO,DETALLE,CANTIDAD,CATEGORIA,PROVEEDOR_ID,ESTADO_ID,FECHA_ENTRADA,CREADO_POR,FECHA_CREACION,MODIFICADO_POR,FECHA_MODIFICACION,ESTADO,ACCION) values (5,'Balón de fútbol',25,'Balón de fútbol tamaño 5',80,'Deportes',5,1,null,'FIDE_ROPASCLARAS_FINAL',to_timestamp('10-DEC-24 12.29.31.862000000 PM','DD-MON-RR HH.MI.SSXFF AM'),null,null,'A','INSERT');
Insert into FIDE_ROPASCLARAS_FINAL.FIDE_INVENTARIO_TB (ID_PRODUCTO,NOMBRE,PRECIO,DETALLE,CANTIDAD,CATEGORIA,PROVEEDOR_ID,ESTADO_ID,FECHA_ENTRADA,CREADO_POR,FECHA_CREACION,MODIFICADO_POR,FECHA_MODIFICACION,ESTADO,ACCION) values (6,'Smartphone Samsung',300,'Teléfono inteligente Samsung Galaxy',50,'Electrónica',6,1,null,'FIDE_ROPASCLARAS_FINAL',to_timestamp('10-DEC-24 12.29.31.863000000 PM','DD-MON-RR HH.MI.SSXFF AM'),null,null,'A','INSERT');
Insert into FIDE_ROPASCLARAS_FINAL.FIDE_INVENTARIO_TB (ID_PRODUCTO,NOMBRE,PRECIO,DETALLE,CANTIDAD,CATEGORIA,PROVEEDOR_ID,ESTADO_ID,FECHA_ENTRADA,CREADO_POR,FECHA_CREACION,MODIFICADO_POR,FECHA_MODIFICACION,ESTADO,ACCION) values (7,'Lámpara LED',40,'Lámpara de escritorio con luz LED',20,'Iluminación',7,1,null,'FIDE_ROPASCLARAS_FINAL',to_timestamp('10-DEC-24 12.29.31.863000000 PM','DD-MON-RR HH.MI.SSXFF AM'),null,null,'A','INSERT');
Insert into FIDE_ROPASCLARAS_FINAL.FIDE_INVENTARIO_TB (ID_PRODUCTO,NOMBRE,PRECIO,DETALLE,CANTIDAD,CATEGORIA,PROVEEDOR_ID,ESTADO_ID,FECHA_ENTRADA,CREADO_POR,FECHA_CREACION,MODIFICADO_POR,FECHA_MODIFICACION,ESTADO,ACCION) values (8,'Crema antiarrugas',15,'Crema de noche antiarrugas',200,'Belleza',8,1,null,'FIDE_ROPASCLARAS_FINAL',to_timestamp('10-DEC-24 12.29.31.863000000 PM','DD-MON-RR HH.MI.SSXFF AM'),null,null,'A','INSERT');
Insert into FIDE_ROPASCLARAS_FINAL.FIDE_INVENTARIO_TB (ID_PRODUCTO,NOMBRE,PRECIO,DETALLE,CANTIDAD,CATEGORIA,PROVEEDOR_ID,ESTADO_ID,FECHA_ENTRADA,CREADO_POR,FECHA_CREACION,MODIFICADO_POR,FECHA_MODIFICACION,ESTADO,ACCION) values (9,'Regadera',10,'Regadera de jardín con presión ajustable',30,'Hogar',9,1,null,'FIDE_ROPASCLARAS_FINAL',to_timestamp('10-DEC-24 12.29.31.864000000 PM','DD-MON-RR HH.MI.SSXFF AM'),null,null,'A','INSERT');
Insert into FIDE_ROPASCLARAS_FINAL.FIDE_INVENTARIO_TB (ID_PRODUCTO,NOMBRE,PRECIO,DETALLE,CANTIDAD,CATEGORIA,PROVEEDOR_ID,ESTADO_ID,FECHA_ENTRADA,CREADO_POR,FECHA_CREACION,MODIFICADO_POR,FECHA_MODIFICACION,ESTADO,ACCION) values (10,'Pelota de playa',12,'Pelota inflable de playa',100,'Deportes',10,1,null,'FIDE_ROPASCLARAS_FINAL',to_timestamp('10-DEC-24 12.29.31.864000000 PM','DD-MON-RR HH.MI.SSXFF AM'),null,null,'A','INSERT');
Insert into FIDE_ROPASCLARAS_FINAL.FIDE_INVENTARIO_TB (ID_PRODUCTO,NOMBRE,PRECIO,DETALLE,CANTIDAD,CATEGORIA,PROVEEDOR_ID,ESTADO_ID,FECHA_ENTRADA,CREADO_POR,FECHA_CREACION,MODIFICADO_POR,FECHA_MODIFICACION,ESTADO,ACCION) values (11,'Camión de juguetes',18,'Camión de juguete para niños',150,'Juguetes',11,1,null,'FIDE_ROPASCLARAS_FINAL',to_timestamp('10-DEC-24 12.29.31.864000000 PM','DD-MON-RR HH.MI.SSXFF AM'),null,null,'A','INSERT');
Insert into FIDE_ROPASCLARAS_FINAL.FIDE_INVENTARIO_TB (ID_PRODUCTO,NOMBRE,PRECIO,DETALLE,CANTIDAD,CATEGORIA,PROVEEDOR_ID,ESTADO_ID,FECHA_ENTRADA,CREADO_POR,FECHA_CREACION,MODIFICADO_POR,FECHA_MODIFICACION,ESTADO,ACCION) values (12,'Aceite de motor',20,'Aceite sintético para autos',40,'Automotriz',12,1,null,'FIDE_ROPASCLARAS_FINAL',to_timestamp('10-DEC-24 12.29.31.865000000 PM','DD-MON-RR HH.MI.SSXFF AM'),null,null,'A','INSERT');
Insert into FIDE_ROPASCLARAS_FINAL.FIDE_INVENTARIO_TB (ID_PRODUCTO,NOMBRE,PRECIO,DETALLE,CANTIDAD,CATEGORIA,PROVEEDOR_ID,ESTADO_ID,FECHA_ENTRADA,CREADO_POR,FECHA_CREACION,MODIFICADO_POR,FECHA_MODIFICACION,ESTADO,ACCION) values (13,'Libro de recetas',25,'Libro con recetas de cocina internacional',200,'Libros',13,1,null,'FIDE_ROPASCLARAS_FINAL',to_timestamp('10-DEC-24 12.29.31.865000000 PM','DD-MON-RR HH.MI.SSXFF AM'),null,null,'A','INSERT');
Insert into FIDE_ROPASCLARAS_FINAL.FIDE_INVENTARIO_TB (ID_PRODUCTO,NOMBRE,PRECIO,DETALLE,CANTIDAD,CATEGORIA,PROVEEDOR_ID,ESTADO_ID,FECHA_ENTRADA,CREADO_POR,FECHA_CREACION,MODIFICADO_POR,FECHA_MODIFICACION,ESTADO,ACCION) values (14,'Cesta de frutas',5,'Cesta con variedad de frutas frescas',100,'Alimentos',14,1,null,'FIDE_ROPASCLARAS_FINAL',to_timestamp('10-DEC-24 12.29.31.865000000 PM','DD-MON-RR HH.MI.SSXFF AM'),null,null,'A','INSERT');
Insert into FIDE_ROPASCLARAS_FINAL.FIDE_INVENTARIO_TB (ID_PRODUCTO,NOMBRE,PRECIO,DETALLE,CANTIDAD,CATEGORIA,PROVEEDOR_ID,ESTADO_ID,FECHA_ENTRADA,CREADO_POR,FECHA_CREACION,MODIFICADO_POR,FECHA_MODIFICACION,ESTADO,ACCION) values (15,'Máquina de café',150,'Máquina de café espresso',30,'Electrodomésticos',15,1,null,'FIDE_ROPASCLARAS_FINAL',to_timestamp('10-DEC-24 12.29.31.866000000 PM','DD-MON-RR HH.MI.SSXFF AM'),null,null,'A','INSERT');
REM INSERTING into FIDE_ROPASCLARAS_FINAL.FIDE_METODO_PAGO_TB
SET DEFINE OFF;
Insert into FIDE_ROPASCLARAS_FINAL.FIDE_METODO_PAGO_TB (ID_METODO,DESCRIPCION,ESTADO_ID,CREADO_POR,FECHA_CREACION,MODIFICADO_POR,FECHA_MODIFICACION,ESTADO,ACCION) values (1,'Tarjeta de Crédito',1,'FIDE_ROPASCLARAS_FINAL',to_timestamp('10-DEC-24 12.35.01.829000000 PM','DD-MON-RR HH.MI.SSXFF AM'),null,null,'A','INSERT');
Insert into FIDE_ROPASCLARAS_FINAL.FIDE_METODO_PAGO_TB (ID_METODO,DESCRIPCION,ESTADO_ID,CREADO_POR,FECHA_CREACION,MODIFICADO_POR,FECHA_MODIFICACION,ESTADO,ACCION) values (2,'Transferencia Bancaria',1,'FIDE_ROPASCLARAS_FINAL',to_timestamp('10-DEC-24 12.35.01.830000000 PM','DD-MON-RR HH.MI.SSXFF AM'),null,null,'A','INSERT');
Insert into FIDE_ROPASCLARAS_FINAL.FIDE_METODO_PAGO_TB (ID_METODO,DESCRIPCION,ESTADO_ID,CREADO_POR,FECHA_CREACION,MODIFICADO_POR,FECHA_MODIFICACION,ESTADO,ACCION) values (3,'Efectivo',1,'FIDE_ROPASCLARAS_FINAL',to_timestamp('10-DEC-24 12.35.01.830000000 PM','DD-MON-RR HH.MI.SSXFF AM'),null,null,'A','INSERT');
Insert into FIDE_ROPASCLARAS_FINAL.FIDE_METODO_PAGO_TB (ID_METODO,DESCRIPCION,ESTADO_ID,CREADO_POR,FECHA_CREACION,MODIFICADO_POR,FECHA_MODIFICACION,ESTADO,ACCION) values (4,'Paypal',1,'FIDE_ROPASCLARAS_FINAL',to_timestamp('10-DEC-24 12.35.01.831000000 PM','DD-MON-RR HH.MI.SSXFF AM'),null,null,'A','INSERT');
Insert into FIDE_ROPASCLARAS_FINAL.FIDE_METODO_PAGO_TB (ID_METODO,DESCRIPCION,ESTADO_ID,CREADO_POR,FECHA_CREACION,MODIFICADO_POR,FECHA_MODIFICACION,ESTADO,ACCION) values (5,'Tarjeta Débito',1,'FIDE_ROPASCLARAS_FINAL',to_timestamp('10-DEC-24 12.35.01.831000000 PM','DD-MON-RR HH.MI.SSXFF AM'),null,null,'A','INSERT');
Insert into FIDE_ROPASCLARAS_FINAL.FIDE_METODO_PAGO_TB (ID_METODO,DESCRIPCION,ESTADO_ID,CREADO_POR,FECHA_CREACION,MODIFICADO_POR,FECHA_MODIFICACION,ESTADO,ACCION) values (6,'Bitcoin',1,'FIDE_ROPASCLARAS_FINAL',to_timestamp('10-DEC-24 12.35.01.832000000 PM','DD-MON-RR HH.MI.SSXFF AM'),null,null,'A','INSERT');
Insert into FIDE_ROPASCLARAS_FINAL.FIDE_METODO_PAGO_TB (ID_METODO,DESCRIPCION,ESTADO_ID,CREADO_POR,FECHA_CREACION,MODIFICADO_POR,FECHA_MODIFICACION,ESTADO,ACCION) values (7,'Google Pay',1,'FIDE_ROPASCLARAS_FINAL',to_timestamp('10-DEC-24 12.35.01.832000000 PM','DD-MON-RR HH.MI.SSXFF AM'),null,null,'A','INSERT');
Insert into FIDE_ROPASCLARAS_FINAL.FIDE_METODO_PAGO_TB (ID_METODO,DESCRIPCION,ESTADO_ID,CREADO_POR,FECHA_CREACION,MODIFICADO_POR,FECHA_MODIFICACION,ESTADO,ACCION) values (8,'Apple Pay',1,'FIDE_ROPASCLARAS_FINAL',to_timestamp('10-DEC-24 12.35.01.832000000 PM','DD-MON-RR HH.MI.SSXFF AM'),null,null,'A','INSERT');
Insert into FIDE_ROPASCLARAS_FINAL.FIDE_METODO_PAGO_TB (ID_METODO,DESCRIPCION,ESTADO_ID,CREADO_POR,FECHA_CREACION,MODIFICADO_POR,FECHA_MODIFICACION,ESTADO,ACCION) values (9,'Stripe',1,'FIDE_ROPASCLARAS_FINAL',to_timestamp('10-DEC-24 12.35.01.833000000 PM','DD-MON-RR HH.MI.SSXFF AM'),null,null,'A','INSERT');
Insert into FIDE_ROPASCLARAS_FINAL.FIDE_METODO_PAGO_TB (ID_METODO,DESCRIPCION,ESTADO_ID,CREADO_POR,FECHA_CREACION,MODIFICADO_POR,FECHA_MODIFICACION,ESTADO,ACCION) values (10,'Pago Contra Entrega',1,'FIDE_ROPASCLARAS_FINAL',to_timestamp('10-DEC-24 12.35.01.833000000 PM','DD-MON-RR HH.MI.SSXFF AM'),null,null,'A','INSERT');
Insert into FIDE_ROPASCLARAS_FINAL.FIDE_METODO_PAGO_TB (ID_METODO,DESCRIPCION,ESTADO_ID,CREADO_POR,FECHA_CREACION,MODIFICADO_POR,FECHA_MODIFICACION,ESTADO,ACCION) values (11,'Pago en Tienda',1,'FIDE_ROPASCLARAS_FINAL',to_timestamp('10-DEC-24 12.35.01.833000000 PM','DD-MON-RR HH.MI.SSXFF AM'),null,null,'A','INSERT');
Insert into FIDE_ROPASCLARAS_FINAL.FIDE_METODO_PAGO_TB (ID_METODO,DESCRIPCION,ESTADO_ID,CREADO_POR,FECHA_CREACION,MODIFICADO_POR,FECHA_MODIFICACION,ESTADO,ACCION) values (12,'Transferencia a Cuenta',1,'FIDE_ROPASCLARAS_FINAL',to_timestamp('10-DEC-24 12.35.01.833000000 PM','DD-MON-RR HH.MI.SSXFF AM'),null,null,'A','INSERT');
Insert into FIDE_ROPASCLARAS_FINAL.FIDE_METODO_PAGO_TB (ID_METODO,DESCRIPCION,ESTADO_ID,CREADO_POR,FECHA_CREACION,MODIFICADO_POR,FECHA_MODIFICACION,ESTADO,ACCION) values (13,'Pago por QR',1,'FIDE_ROPASCLARAS_FINAL',to_timestamp('10-DEC-24 12.35.01.835000000 PM','DD-MON-RR HH.MI.SSXFF AM'),null,null,'A','INSERT');
Insert into FIDE_ROPASCLARAS_FINAL.FIDE_METODO_PAGO_TB (ID_METODO,DESCRIPCION,ESTADO_ID,CREADO_POR,FECHA_CREACION,MODIFICADO_POR,FECHA_MODIFICACION,ESTADO,ACCION) values (14,'Kioscos de Pagos',1,'FIDE_ROPASCLARAS_FINAL',to_timestamp('10-DEC-24 12.35.01.835000000 PM','DD-MON-RR HH.MI.SSXFF AM'),null,null,'A','INSERT');
Insert into FIDE_ROPASCLARAS_FINAL.FIDE_METODO_PAGO_TB (ID_METODO,DESCRIPCION,ESTADO_ID,CREADO_POR,FECHA_CREACION,MODIFICADO_POR,FECHA_MODIFICACION,ESTADO,ACCION) values (15,'PSE',1,'FIDE_ROPASCLARAS_FINAL',to_timestamp('10-DEC-24 12.35.01.835000000 PM','DD-MON-RR HH.MI.SSXFF AM'),null,null,'A','INSERT');
REM INSERTING into FIDE_ROPASCLARAS_FINAL.FIDE_PAIS_TB
SET DEFINE OFF;
Insert into FIDE_ROPASCLARAS_FINAL.FIDE_PAIS_TB (ID_PAIS,NOMBRE,CREADO_POR,FECHA_CREACION,MODIFICADO_POR,FECHA_MODIFICACION,ESTADO,ACCION) values (1,'Costa Rica','FIDE_ROPASCLARAS_FINAL',to_timestamp('10-DEC-24 12.20.56.345000000 PM','DD-MON-RR HH.MI.SSXFF AM'),null,null,'A','INSERT');
Insert into FIDE_ROPASCLARAS_FINAL.FIDE_PAIS_TB (ID_PAIS,NOMBRE,CREADO_POR,FECHA_CREACION,MODIFICADO_POR,FECHA_MODIFICACION,ESTADO,ACCION) values (2,'Panamá','FIDE_ROPASCLARAS_FINAL',to_timestamp('10-DEC-24 12.20.56.349000000 PM','DD-MON-RR HH.MI.SSXFF AM'),null,null,'A','INSERT');
Insert into FIDE_ROPASCLARAS_FINAL.FIDE_PAIS_TB (ID_PAIS,NOMBRE,CREADO_POR,FECHA_CREACION,MODIFICADO_POR,FECHA_MODIFICACION,ESTADO,ACCION) values (3,'Nicaragua','FIDE_ROPASCLARAS_FINAL',to_timestamp('10-DEC-24 12.20.56.349000000 PM','DD-MON-RR HH.MI.SSXFF AM'),null,null,'A','INSERT');
Insert into FIDE_ROPASCLARAS_FINAL.FIDE_PAIS_TB (ID_PAIS,NOMBRE,CREADO_POR,FECHA_CREACION,MODIFICADO_POR,FECHA_MODIFICACION,ESTADO,ACCION) values (4,'El Salvador','FIDE_ROPASCLARAS_FINAL',to_timestamp('10-DEC-24 12.20.56.350000000 PM','DD-MON-RR HH.MI.SSXFF AM'),null,null,'A','INSERT');
Insert into FIDE_ROPASCLARAS_FINAL.FIDE_PAIS_TB (ID_PAIS,NOMBRE,CREADO_POR,FECHA_CREACION,MODIFICADO_POR,FECHA_MODIFICACION,ESTADO,ACCION) values (5,'Honduras','FIDE_ROPASCLARAS_FINAL',to_timestamp('10-DEC-24 12.20.56.350000000 PM','DD-MON-RR HH.MI.SSXFF AM'),null,null,'A','INSERT');
Insert into FIDE_ROPASCLARAS_FINAL.FIDE_PAIS_TB (ID_PAIS,NOMBRE,CREADO_POR,FECHA_CREACION,MODIFICADO_POR,FECHA_MODIFICACION,ESTADO,ACCION) values (6,'Guatemala','FIDE_ROPASCLARAS_FINAL',to_timestamp('10-DEC-24 12.20.56.350000000 PM','DD-MON-RR HH.MI.SSXFF AM'),null,null,'A','INSERT');
Insert into FIDE_ROPASCLARAS_FINAL.FIDE_PAIS_TB (ID_PAIS,NOMBRE,CREADO_POR,FECHA_CREACION,MODIFICADO_POR,FECHA_MODIFICACION,ESTADO,ACCION) values (7,'México','FIDE_ROPASCLARAS_FINAL',to_timestamp('10-DEC-24 12.20.56.351000000 PM','DD-MON-RR HH.MI.SSXFF AM'),null,null,'A','INSERT');
Insert into FIDE_ROPASCLARAS_FINAL.FIDE_PAIS_TB (ID_PAIS,NOMBRE,CREADO_POR,FECHA_CREACION,MODIFICADO_POR,FECHA_MODIFICACION,ESTADO,ACCION) values (8,'Colombia','FIDE_ROPASCLARAS_FINAL',to_timestamp('10-DEC-24 12.20.56.351000000 PM','DD-MON-RR HH.MI.SSXFF AM'),null,null,'A','INSERT');
Insert into FIDE_ROPASCLARAS_FINAL.FIDE_PAIS_TB (ID_PAIS,NOMBRE,CREADO_POR,FECHA_CREACION,MODIFICADO_POR,FECHA_MODIFICACION,ESTADO,ACCION) values (9,'Ecuador','FIDE_ROPASCLARAS_FINAL',to_timestamp('10-DEC-24 12.20.56.351000000 PM','DD-MON-RR HH.MI.SSXFF AM'),null,null,'A','INSERT');
Insert into FIDE_ROPASCLARAS_FINAL.FIDE_PAIS_TB (ID_PAIS,NOMBRE,CREADO_POR,FECHA_CREACION,MODIFICADO_POR,FECHA_MODIFICACION,ESTADO,ACCION) values (10,'Perú','FIDE_ROPASCLARAS_FINAL',to_timestamp('10-DEC-24 12.20.56.351000000 PM','DD-MON-RR HH.MI.SSXFF AM'),null,null,'A','INSERT');
Insert into FIDE_ROPASCLARAS_FINAL.FIDE_PAIS_TB (ID_PAIS,NOMBRE,CREADO_POR,FECHA_CREACION,MODIFICADO_POR,FECHA_MODIFICACION,ESTADO,ACCION) values (11,'Venezuela','FIDE_ROPASCLARAS_FINAL',to_timestamp('10-DEC-24 12.20.56.353000000 PM','DD-MON-RR HH.MI.SSXFF AM'),null,null,'A','INSERT');
Insert into FIDE_ROPASCLARAS_FINAL.FIDE_PAIS_TB (ID_PAIS,NOMBRE,CREADO_POR,FECHA_CREACION,MODIFICADO_POR,FECHA_MODIFICACION,ESTADO,ACCION) values (12,'Brasil','FIDE_ROPASCLARAS_FINAL',to_timestamp('10-DEC-24 12.20.56.353000000 PM','DD-MON-RR HH.MI.SSXFF AM'),null,null,'A','INSERT');
Insert into FIDE_ROPASCLARAS_FINAL.FIDE_PAIS_TB (ID_PAIS,NOMBRE,CREADO_POR,FECHA_CREACION,MODIFICADO_POR,FECHA_MODIFICACION,ESTADO,ACCION) values (13,'Argentina','FIDE_ROPASCLARAS_FINAL',to_timestamp('10-DEC-24 12.20.56.354000000 PM','DD-MON-RR HH.MI.SSXFF AM'),null,null,'A','INSERT');
Insert into FIDE_ROPASCLARAS_FINAL.FIDE_PAIS_TB (ID_PAIS,NOMBRE,CREADO_POR,FECHA_CREACION,MODIFICADO_POR,FECHA_MODIFICACION,ESTADO,ACCION) values (14,'Chile','FIDE_ROPASCLARAS_FINAL',to_timestamp('10-DEC-24 12.20.56.354000000 PM','DD-MON-RR HH.MI.SSXFF AM'),null,null,'A','INSERT');
Insert into FIDE_ROPASCLARAS_FINAL.FIDE_PAIS_TB (ID_PAIS,NOMBRE,CREADO_POR,FECHA_CREACION,MODIFICADO_POR,FECHA_MODIFICACION,ESTADO,ACCION) values (15,'Uruguay','FIDE_ROPASCLARAS_FINAL',to_timestamp('10-DEC-24 12.20.56.354000000 PM','DD-MON-RR HH.MI.SSXFF AM'),null,null,'A','INSERT');
REM INSERTING into FIDE_ROPASCLARAS_FINAL.FIDE_PROVEEDORES_TB
SET DEFINE OFF;
Insert into FIDE_ROPASCLARAS_FINAL.FIDE_PROVEEDORES_TB (ID_PROVEEDOR,NOMBRE,DETALLES,ESTADO_ID,CREADO_POR,FECHA_CREACION,MODIFICADO_POR,FECHA_MODIFICACION,ESTADO,ACCION) values (1,'Proveedor A','Proveedor de productos electrónicos',1,'FIDE_ROPASCLARAS_FINAL',to_timestamp('10-DEC-24 12.29.06.019000000 PM','DD-MON-RR HH.MI.SSXFF AM'),null,null,'A','INSERT');
Insert into FIDE_ROPASCLARAS_FINAL.FIDE_PROVEEDORES_TB (ID_PROVEEDOR,NOMBRE,DETALLES,ESTADO_ID,CREADO_POR,FECHA_CREACION,MODIFICADO_POR,FECHA_MODIFICACION,ESTADO,ACCION) values (2,'Proveedor B','Proveedor de ropa',1,'FIDE_ROPASCLARAS_FINAL',to_timestamp('10-DEC-24 12.29.06.021000000 PM','DD-MON-RR HH.MI.SSXFF AM'),null,null,'A','INSERT');
Insert into FIDE_ROPASCLARAS_FINAL.FIDE_PROVEEDORES_TB (ID_PROVEEDOR,NOMBRE,DETALLES,ESTADO_ID,CREADO_POR,FECHA_CREACION,MODIFICADO_POR,FECHA_MODIFICACION,ESTADO,ACCION) values (3,'Proveedor C','Proveedor de artículos de hogar',1,'FIDE_ROPASCLARAS_FINAL',to_timestamp('10-DEC-24 12.29.06.022000000 PM','DD-MON-RR HH.MI.SSXFF AM'),null,null,'A','INSERT');
Insert into FIDE_ROPASCLARAS_FINAL.FIDE_PROVEEDORES_TB (ID_PROVEEDOR,NOMBRE,DETALLES,ESTADO_ID,CREADO_POR,FECHA_CREACION,MODIFICADO_POR,FECHA_MODIFICACION,ESTADO,ACCION) values (4,'Proveedor D','Proveedor de alimentos',1,'FIDE_ROPASCLARAS_FINAL',to_timestamp('10-DEC-24 12.29.06.022000000 PM','DD-MON-RR HH.MI.SSXFF AM'),null,null,'A','INSERT');
Insert into FIDE_ROPASCLARAS_FINAL.FIDE_PROVEEDORES_TB (ID_PROVEEDOR,NOMBRE,DETALLES,ESTADO_ID,CREADO_POR,FECHA_CREACION,MODIFICADO_POR,FECHA_MODIFICACION,ESTADO,ACCION) values (5,'Proveedor E','Proveedor de artículos deportivos',1,'FIDE_ROPASCLARAS_FINAL',to_timestamp('10-DEC-24 12.29.06.023000000 PM','DD-MON-RR HH.MI.SSXFF AM'),null,null,'A','INSERT');
Insert into FIDE_ROPASCLARAS_FINAL.FIDE_PROVEEDORES_TB (ID_PROVEEDOR,NOMBRE,DETALLES,ESTADO_ID,CREADO_POR,FECHA_CREACION,MODIFICADO_POR,FECHA_MODIFICACION,ESTADO,ACCION) values (6,'Proveedor F','Proveedor de tecnología',1,'FIDE_ROPASCLARAS_FINAL',to_timestamp('10-DEC-24 12.29.06.023000000 PM','DD-MON-RR HH.MI.SSXFF AM'),null,null,'A','INSERT');
Insert into FIDE_ROPASCLARAS_FINAL.FIDE_PROVEEDORES_TB (ID_PROVEEDOR,NOMBRE,DETALLES,ESTADO_ID,CREADO_POR,FECHA_CREACION,MODIFICADO_POR,FECHA_MODIFICACION,ESTADO,ACCION) values (7,'Proveedor G','Proveedor de artículos de oficina',1,'FIDE_ROPASCLARAS_FINAL',to_timestamp('10-DEC-24 12.29.06.023000000 PM','DD-MON-RR HH.MI.SSXFF AM'),null,null,'A','INSERT');
Insert into FIDE_ROPASCLARAS_FINAL.FIDE_PROVEEDORES_TB (ID_PROVEEDOR,NOMBRE,DETALLES,ESTADO_ID,CREADO_POR,FECHA_CREACION,MODIFICADO_POR,FECHA_MODIFICACION,ESTADO,ACCION) values (8,'Proveedor H','Proveedor de productos de belleza',1,'FIDE_ROPASCLARAS_FINAL',to_timestamp('10-DEC-24 12.29.06.023000000 PM','DD-MON-RR HH.MI.SSXFF AM'),null,null,'A','INSERT');
Insert into FIDE_ROPASCLARAS_FINAL.FIDE_PROVEEDORES_TB (ID_PROVEEDOR,NOMBRE,DETALLES,ESTADO_ID,CREADO_POR,FECHA_CREACION,MODIFICADO_POR,FECHA_MODIFICACION,ESTADO,ACCION) values (9,'Proveedor I','Proveedor de artículos de jardín',1,'FIDE_ROPASCLARAS_FINAL',to_timestamp('10-DEC-24 12.29.06.023000000 PM','DD-MON-RR HH.MI.SSXFF AM'),null,null,'A','INSERT');
Insert into FIDE_ROPASCLARAS_FINAL.FIDE_PROVEEDORES_TB (ID_PROVEEDOR,NOMBRE,DETALLES,ESTADO_ID,CREADO_POR,FECHA_CREACION,MODIFICADO_POR,FECHA_MODIFICACION,ESTADO,ACCION) values (10,'Proveedor J','Proveedor de juguetes',1,'FIDE_ROPASCLARAS_FINAL',to_timestamp('10-DEC-24 12.29.06.024000000 PM','DD-MON-RR HH.MI.SSXFF AM'),null,null,'A','INSERT');
Insert into FIDE_ROPASCLARAS_FINAL.FIDE_PROVEEDORES_TB (ID_PROVEEDOR,NOMBRE,DETALLES,ESTADO_ID,CREADO_POR,FECHA_CREACION,MODIFICADO_POR,FECHA_MODIFICACION,ESTADO,ACCION) values (11,'Proveedor K','Proveedor de repuestos para autos',1,'FIDE_ROPASCLARAS_FINAL',to_timestamp('10-DEC-24 12.29.06.024000000 PM','DD-MON-RR HH.MI.SSXFF AM'),null,null,'A','INSERT');
Insert into FIDE_ROPASCLARAS_FINAL.FIDE_PROVEEDORES_TB (ID_PROVEEDOR,NOMBRE,DETALLES,ESTADO_ID,CREADO_POR,FECHA_CREACION,MODIFICADO_POR,FECHA_MODIFICACION,ESTADO,ACCION) values (12,'Proveedor L','Proveedor de productos ecológicos',1,'FIDE_ROPASCLARAS_FINAL',to_timestamp('10-DEC-24 12.29.06.025000000 PM','DD-MON-RR HH.MI.SSXFF AM'),null,null,'A','INSERT');
Insert into FIDE_ROPASCLARAS_FINAL.FIDE_PROVEEDORES_TB (ID_PROVEEDOR,NOMBRE,DETALLES,ESTADO_ID,CREADO_POR,FECHA_CREACION,MODIFICADO_POR,FECHA_MODIFICACION,ESTADO,ACCION) values (13,'Proveedor M','Proveedor de alimentos orgánicos',1,'FIDE_ROPASCLARAS_FINAL',to_timestamp('10-DEC-24 12.29.06.025000000 PM','DD-MON-RR HH.MI.SSXFF AM'),null,null,'A','INSERT');
Insert into FIDE_ROPASCLARAS_FINAL.FIDE_PROVEEDORES_TB (ID_PROVEEDOR,NOMBRE,DETALLES,ESTADO_ID,CREADO_POR,FECHA_CREACION,MODIFICADO_POR,FECHA_MODIFICACION,ESTADO,ACCION) values (14,'Proveedor N','Proveedor de equipos médicos',1,'FIDE_ROPASCLARAS_FINAL',to_timestamp('10-DEC-24 12.29.06.025000000 PM','DD-MON-RR HH.MI.SSXFF AM'),null,null,'A','INSERT');
Insert into FIDE_ROPASCLARAS_FINAL.FIDE_PROVEEDORES_TB (ID_PROVEEDOR,NOMBRE,DETALLES,ESTADO_ID,CREADO_POR,FECHA_CREACION,MODIFICADO_POR,FECHA_MODIFICACION,ESTADO,ACCION) values (15,'Proveedor O','Proveedor de libros',1,'FIDE_ROPASCLARAS_FINAL',to_timestamp('10-DEC-24 12.29.06.026000000 PM','DD-MON-RR HH.MI.SSXFF AM'),null,null,'A','INSERT');
REM INSERTING into FIDE_ROPASCLARAS_FINAL.FIDE_PROVINCIA_TB
SET DEFINE OFF;
Insert into FIDE_ROPASCLARAS_FINAL.FIDE_PROVINCIA_TB (ID_PROVINCIA,NOMBRE,CREADO_POR,FECHA_CREACION,MODIFICADO_POR,FECHA_MODIFICACION,ESTADO,ACCION) values (1,'San José','FIDE_ROPASCLARAS_FINAL',to_timestamp('10-DEC-24 12.21.27.585000000 PM','DD-MON-RR HH.MI.SSXFF AM'),null,null,'A','INSERT');
Insert into FIDE_ROPASCLARAS_FINAL.FIDE_PROVINCIA_TB (ID_PROVINCIA,NOMBRE,CREADO_POR,FECHA_CREACION,MODIFICADO_POR,FECHA_MODIFICACION,ESTADO,ACCION) values (2,'Alajuela','FIDE_ROPASCLARAS_FINAL',to_timestamp('10-DEC-24 12.21.27.586000000 PM','DD-MON-RR HH.MI.SSXFF AM'),null,null,'A','INSERT');
Insert into FIDE_ROPASCLARAS_FINAL.FIDE_PROVINCIA_TB (ID_PROVINCIA,NOMBRE,CREADO_POR,FECHA_CREACION,MODIFICADO_POR,FECHA_MODIFICACION,ESTADO,ACCION) values (3,'Cartago','FIDE_ROPASCLARAS_FINAL',to_timestamp('10-DEC-24 12.21.27.586000000 PM','DD-MON-RR HH.MI.SSXFF AM'),null,null,'A','INSERT');
Insert into FIDE_ROPASCLARAS_FINAL.FIDE_PROVINCIA_TB (ID_PROVINCIA,NOMBRE,CREADO_POR,FECHA_CREACION,MODIFICADO_POR,FECHA_MODIFICACION,ESTADO,ACCION) values (4,'Heredia','FIDE_ROPASCLARAS_FINAL',to_timestamp('10-DEC-24 12.21.27.587000000 PM','DD-MON-RR HH.MI.SSXFF AM'),null,null,'A','INSERT');
Insert into FIDE_ROPASCLARAS_FINAL.FIDE_PROVINCIA_TB (ID_PROVINCIA,NOMBRE,CREADO_POR,FECHA_CREACION,MODIFICADO_POR,FECHA_MODIFICACION,ESTADO,ACCION) values (5,'Guanacaste','FIDE_ROPASCLARAS_FINAL',to_timestamp('10-DEC-24 12.21.27.587000000 PM','DD-MON-RR HH.MI.SSXFF AM'),null,null,'A','INSERT');
Insert into FIDE_ROPASCLARAS_FINAL.FIDE_PROVINCIA_TB (ID_PROVINCIA,NOMBRE,CREADO_POR,FECHA_CREACION,MODIFICADO_POR,FECHA_MODIFICACION,ESTADO,ACCION) values (6,'Puntarenas','FIDE_ROPASCLARAS_FINAL',to_timestamp('10-DEC-24 12.21.27.590000000 PM','DD-MON-RR HH.MI.SSXFF AM'),null,null,'A','INSERT');
Insert into FIDE_ROPASCLARAS_FINAL.FIDE_PROVINCIA_TB (ID_PROVINCIA,NOMBRE,CREADO_POR,FECHA_CREACION,MODIFICADO_POR,FECHA_MODIFICACION,ESTADO,ACCION) values (7,'Limón','FIDE_ROPASCLARAS_FINAL',to_timestamp('10-DEC-24 12.21.27.593000000 PM','DD-MON-RR HH.MI.SSXFF AM'),null,null,'A','INSERT');
Insert into FIDE_ROPASCLARAS_FINAL.FIDE_PROVINCIA_TB (ID_PROVINCIA,NOMBRE,CREADO_POR,FECHA_CREACION,MODIFICADO_POR,FECHA_MODIFICACION,ESTADO,ACCION) values (8,'Panamá Oeste','FIDE_ROPASCLARAS_FINAL',to_timestamp('10-DEC-24 12.21.27.594000000 PM','DD-MON-RR HH.MI.SSXFF AM'),null,null,'A','INSERT');
Insert into FIDE_ROPASCLARAS_FINAL.FIDE_PROVINCIA_TB (ID_PROVINCIA,NOMBRE,CREADO_POR,FECHA_CREACION,MODIFICADO_POR,FECHA_MODIFICACION,ESTADO,ACCION) values (9,'Colón','FIDE_ROPASCLARAS_FINAL',to_timestamp('10-DEC-24 12.21.27.594000000 PM','DD-MON-RR HH.MI.SSXFF AM'),null,null,'A','INSERT');
Insert into FIDE_ROPASCLARAS_FINAL.FIDE_PROVINCIA_TB (ID_PROVINCIA,NOMBRE,CREADO_POR,FECHA_CREACION,MODIFICADO_POR,FECHA_MODIFICACION,ESTADO,ACCION) values (10,'Chiriquí','FIDE_ROPASCLARAS_FINAL',to_timestamp('10-DEC-24 12.21.27.595000000 PM','DD-MON-RR HH.MI.SSXFF AM'),null,null,'A','INSERT');
Insert into FIDE_ROPASCLARAS_FINAL.FIDE_PROVINCIA_TB (ID_PROVINCIA,NOMBRE,CREADO_POR,FECHA_CREACION,MODIFICADO_POR,FECHA_MODIFICACION,ESTADO,ACCION) values (11,'Veraguas','FIDE_ROPASCLARAS_FINAL',to_timestamp('10-DEC-24 12.21.27.595000000 PM','DD-MON-RR HH.MI.SSXFF AM'),null,null,'A','INSERT');
Insert into FIDE_ROPASCLARAS_FINAL.FIDE_PROVINCIA_TB (ID_PROVINCIA,NOMBRE,CREADO_POR,FECHA_CREACION,MODIFICADO_POR,FECHA_MODIFICACION,ESTADO,ACCION) values (12,'Coclé','FIDE_ROPASCLARAS_FINAL',to_timestamp('10-DEC-24 12.21.27.595000000 PM','DD-MON-RR HH.MI.SSXFF AM'),null,null,'A','INSERT');
Insert into FIDE_ROPASCLARAS_FINAL.FIDE_PROVINCIA_TB (ID_PROVINCIA,NOMBRE,CREADO_POR,FECHA_CREACION,MODIFICADO_POR,FECHA_MODIFICACION,ESTADO,ACCION) values (13,'Los Santos','FIDE_ROPASCLARAS_FINAL',to_timestamp('10-DEC-24 12.21.27.596000000 PM','DD-MON-RR HH.MI.SSXFF AM'),null,null,'A','INSERT');
Insert into FIDE_ROPASCLARAS_FINAL.FIDE_PROVINCIA_TB (ID_PROVINCIA,NOMBRE,CREADO_POR,FECHA_CREACION,MODIFICADO_POR,FECHA_MODIFICACION,ESTADO,ACCION) values (14,'Darién','FIDE_ROPASCLARAS_FINAL',to_timestamp('10-DEC-24 12.21.27.596000000 PM','DD-MON-RR HH.MI.SSXFF AM'),null,null,'A','INSERT');
Insert into FIDE_ROPASCLARAS_FINAL.FIDE_PROVINCIA_TB (ID_PROVINCIA,NOMBRE,CREADO_POR,FECHA_CREACION,MODIFICADO_POR,FECHA_MODIFICACION,ESTADO,ACCION) values (15,'Bocas del Toro','FIDE_ROPASCLARAS_FINAL',to_timestamp('10-DEC-24 12.21.27.596000000 PM','DD-MON-RR HH.MI.SSXFF AM'),null,null,'A','INSERT');
--------------------------------------------------------
--  DDL for Index FIDE_CANTON_TB_ID_CANTON_PK
--------------------------------------------------------

  CREATE UNIQUE INDEX "FIDE_ROPASCLARAS_FINAL"."FIDE_CANTON_TB_ID_CANTON_PK" ON "FIDE_ROPASCLARAS_FINAL"."FIDE_CANTON_TB" ("ID_CANTON") 
  PCTFREE 10 INITRANS 2 MAXTRANS 255 
  STORAGE(INITIAL 65536 NEXT 1048576 MINEXTENTS 1 MAXEXTENTS 2147483645
  PCTINCREASE 0 FREELISTS 1 FREELIST GROUPS 1
  BUFFER_POOL DEFAULT FLASH_CACHE DEFAULT CELL_FLASH_CACHE DEFAULT)
  TABLESPACE "FIDE_ROPASCLARAS_FINAL_TBS" ;
--------------------------------------------------------
--  DDL for Index FIDE_CARRITO_TB_ID_CARRITO_PK
--------------------------------------------------------

  CREATE UNIQUE INDEX "FIDE_ROPASCLARAS_FINAL"."FIDE_CARRITO_TB_ID_CARRITO_PK" ON "FIDE_ROPASCLARAS_FINAL"."FIDE_CARRITO_TB" ("ID_CARRITO") 
  PCTFREE 10 INITRANS 2 MAXTRANS 255 
  STORAGE(INITIAL 65536 NEXT 1048576 MINEXTENTS 1 MAXEXTENTS 2147483645
  PCTINCREASE 0 FREELISTS 1 FREELIST GROUPS 1
  BUFFER_POOL DEFAULT FLASH_CACHE DEFAULT CELL_FLASH_CACHE DEFAULT)
  TABLESPACE "FIDE_ROPASCLARAS_FINAL_TBS" ;
--------------------------------------------------------
--  DDL for Index FIDE_CARRITO_TB_ID_CARRITO_TEMP_PK
--------------------------------------------------------

  CREATE UNIQUE INDEX "FIDE_ROPASCLARAS_FINAL"."FIDE_CARRITO_TB_ID_CARRITO_TEMP_PK" ON "FIDE_ROPASCLARAS_FINAL"."FIDE_CARRITO_TEMP_TB" ("ID_CARRITO_TEMP") 
  PCTFREE 10 INITRANS 2 MAXTRANS 255 
  TABLESPACE "FIDE_ROPASCLARAS_FINAL_TBS" ;
--------------------------------------------------------
--  DDL for Index FIDE_CLIENTES_TB_CEDULA_UQ
--------------------------------------------------------

  CREATE UNIQUE INDEX "FIDE_ROPASCLARAS_FINAL"."FIDE_CLIENTES_TB_CEDULA_UQ" ON "FIDE_ROPASCLARAS_FINAL"."FIDE_CLIENTES_TB" ("CEDULA") 
  PCTFREE 10 INITRANS 2 MAXTRANS 255 
  STORAGE(INITIAL 65536 NEXT 1048576 MINEXTENTS 1 MAXEXTENTS 2147483645
  PCTINCREASE 0 FREELISTS 1 FREELIST GROUPS 1
  BUFFER_POOL DEFAULT FLASH_CACHE DEFAULT CELL_FLASH_CACHE DEFAULT)
  TABLESPACE "FIDE_ROPASCLARAS_FINAL_TBS" ;
--------------------------------------------------------
--  DDL for Index FIDE_CLIENTES_TB_CORREO_UQ
--------------------------------------------------------

  CREATE UNIQUE INDEX "FIDE_ROPASCLARAS_FINAL"."FIDE_CLIENTES_TB_CORREO_UQ" ON "FIDE_ROPASCLARAS_FINAL"."FIDE_CLIENTES_TB" ("CORREO") 
  PCTFREE 10 INITRANS 2 MAXTRANS 255 
  STORAGE(INITIAL 65536 NEXT 1048576 MINEXTENTS 1 MAXEXTENTS 2147483645
  PCTINCREASE 0 FREELISTS 1 FREELIST GROUPS 1
  BUFFER_POOL DEFAULT FLASH_CACHE DEFAULT CELL_FLASH_CACHE DEFAULT)
  TABLESPACE "FIDE_ROPASCLARAS_FINAL_TBS" ;
--------------------------------------------------------
--  DDL for Index FIDE_CLIENTES_TB_ID_CLIENTE_PK
--------------------------------------------------------

  CREATE UNIQUE INDEX "FIDE_ROPASCLARAS_FINAL"."FIDE_CLIENTES_TB_ID_CLIENTE_PK" ON "FIDE_ROPASCLARAS_FINAL"."FIDE_CLIENTES_TB" ("ID_CLIENTE") 
  PCTFREE 10 INITRANS 2 MAXTRANS 255 
  STORAGE(INITIAL 65536 NEXT 1048576 MINEXTENTS 1 MAXEXTENTS 2147483645
  PCTINCREASE 0 FREELISTS 1 FREELIST GROUPS 1
  BUFFER_POOL DEFAULT FLASH_CACHE DEFAULT CELL_FLASH_CACHE DEFAULT)
  TABLESPACE "FIDE_ROPASCLARAS_FINAL_TBS" ;
--------------------------------------------------------
--  DDL for Index FIDE_DISTRITO_TB_ID_DISTRITO_PK
--------------------------------------------------------

  CREATE UNIQUE INDEX "FIDE_ROPASCLARAS_FINAL"."FIDE_DISTRITO_TB_ID_DISTRITO_PK" ON "FIDE_ROPASCLARAS_FINAL"."FIDE_DISTRITO_TB" ("ID_DISTRITO") 
  PCTFREE 10 INITRANS 2 MAXTRANS 255 
  STORAGE(INITIAL 65536 NEXT 1048576 MINEXTENTS 1 MAXEXTENTS 2147483645
  PCTINCREASE 0 FREELISTS 1 FREELIST GROUPS 1
  BUFFER_POOL DEFAULT FLASH_CACHE DEFAULT CELL_FLASH_CACHE DEFAULT)
  TABLESPACE "FIDE_ROPASCLARAS_FINAL_TBS" ;
--------------------------------------------------------
--  DDL for Index FIDE_EMPRESA_ENVIOS_TB_ID_MENSAJERO_PK
--------------------------------------------------------

  CREATE UNIQUE INDEX "FIDE_ROPASCLARAS_FINAL"."FIDE_EMPRESA_ENVIOS_TB_ID_MENSAJERO_PK" ON "FIDE_ROPASCLARAS_FINAL"."FIDE_EMPRESA_ENVIOS_TB" ("ID_MENSAJERO") 
  PCTFREE 10 INITRANS 2 MAXTRANS 255 
  STORAGE(INITIAL 65536 NEXT 1048576 MINEXTENTS 1 MAXEXTENTS 2147483645
  PCTINCREASE 0 FREELISTS 1 FREELIST GROUPS 1
  BUFFER_POOL DEFAULT FLASH_CACHE DEFAULT CELL_FLASH_CACHE DEFAULT)
  TABLESPACE "FIDE_ROPASCLARAS_FINAL_TBS" ;
--------------------------------------------------------
--  DDL for Index FIDE_ENVIOS_TB_ID_ENVIOS_PK
--------------------------------------------------------

  CREATE UNIQUE INDEX "FIDE_ROPASCLARAS_FINAL"."FIDE_ENVIOS_TB_ID_ENVIOS_PK" ON "FIDE_ROPASCLARAS_FINAL"."FIDE_ENVIOS_TB" ("ID_ENVIOS") 
  PCTFREE 10 INITRANS 2 MAXTRANS 255 
  STORAGE(INITIAL 65536 NEXT 1048576 MINEXTENTS 1 MAXEXTENTS 2147483645
  PCTINCREASE 0 FREELISTS 1 FREELIST GROUPS 1
  BUFFER_POOL DEFAULT FLASH_CACHE DEFAULT CELL_FLASH_CACHE DEFAULT)
  TABLESPACE "FIDE_ROPASCLARAS_FINAL_TBS" ;
--------------------------------------------------------
--  DDL for Index FIDE_ESTADO_TB_ID_ESTADO_PK
--------------------------------------------------------

  CREATE UNIQUE INDEX "FIDE_ROPASCLARAS_FINAL"."FIDE_ESTADO_TB_ID_ESTADO_PK" ON "FIDE_ROPASCLARAS_FINAL"."FIDE_ESTADO_TB" ("ID_ESTADO") 
  PCTFREE 10 INITRANS 2 MAXTRANS 255 
  STORAGE(INITIAL 65536 NEXT 1048576 MINEXTENTS 1 MAXEXTENTS 2147483645
  PCTINCREASE 0 FREELISTS 1 FREELIST GROUPS 1
  BUFFER_POOL DEFAULT FLASH_CACHE DEFAULT CELL_FLASH_CACHE DEFAULT)
  TABLESPACE "FIDE_ROPASCLARAS_FINAL_TBS" ;
--------------------------------------------------------
--  DDL for Index FIDE_FACTURA_TB_ID_FACTURA_PK
--------------------------------------------------------

  CREATE UNIQUE INDEX "FIDE_ROPASCLARAS_FINAL"."FIDE_FACTURA_TB_ID_FACTURA_PK" ON "FIDE_ROPASCLARAS_FINAL"."FIDE_FACTURA_TB" ("ID_FACTURA") 
  PCTFREE 10 INITRANS 2 MAXTRANS 255 
  STORAGE(INITIAL 65536 NEXT 1048576 MINEXTENTS 1 MAXEXTENTS 2147483645
  PCTINCREASE 0 FREELISTS 1 FREELIST GROUPS 1
  BUFFER_POOL DEFAULT FLASH_CACHE DEFAULT CELL_FLASH_CACHE DEFAULT)
  TABLESPACE "FIDE_ROPASCLARAS_FINAL_TBS" ;
--------------------------------------------------------
--  DDL for Index FIDE_FEEDBACK_TB_ID_FEEDBACK_PK
--------------------------------------------------------

  CREATE UNIQUE INDEX "FIDE_ROPASCLARAS_FINAL"."FIDE_FEEDBACK_TB_ID_FEEDBACK_PK" ON "FIDE_ROPASCLARAS_FINAL"."FIDE_FEEDBACK_TB" ("ID_FEEDBACK") 
  PCTFREE 10 INITRANS 2 MAXTRANS 255 
  STORAGE(INITIAL 65536 NEXT 1048576 MINEXTENTS 1 MAXEXTENTS 2147483645
  PCTINCREASE 0 FREELISTS 1 FREELIST GROUPS 1
  BUFFER_POOL DEFAULT FLASH_CACHE DEFAULT CELL_FLASH_CACHE DEFAULT)
  TABLESPACE "FIDE_ROPASCLARAS_FINAL_TBS" ;
--------------------------------------------------------
--  DDL for Index FIDE_INVENTARIO_TB_ID_PRODUCTO_PK
--------------------------------------------------------

  CREATE UNIQUE INDEX "FIDE_ROPASCLARAS_FINAL"."FIDE_INVENTARIO_TB_ID_PRODUCTO_PK" ON "FIDE_ROPASCLARAS_FINAL"."FIDE_INVENTARIO_TB" ("ID_PRODUCTO") 
  PCTFREE 10 INITRANS 2 MAXTRANS 255 
  STORAGE(INITIAL 65536 NEXT 1048576 MINEXTENTS 1 MAXEXTENTS 2147483645
  PCTINCREASE 0 FREELISTS 1 FREELIST GROUPS 1
  BUFFER_POOL DEFAULT FLASH_CACHE DEFAULT CELL_FLASH_CACHE DEFAULT)
  TABLESPACE "FIDE_ROPASCLARAS_FINAL_TBS" ;
--------------------------------------------------------
--  DDL for Index FIDE_METODO_PAGO_TB_ID_METODO_PK
--------------------------------------------------------

  CREATE UNIQUE INDEX "FIDE_ROPASCLARAS_FINAL"."FIDE_METODO_PAGO_TB_ID_METODO_PK" ON "FIDE_ROPASCLARAS_FINAL"."FIDE_METODO_PAGO_TB" ("ID_METODO") 
  PCTFREE 10 INITRANS 2 MAXTRANS 255 
  STORAGE(INITIAL 65536 NEXT 1048576 MINEXTENTS 1 MAXEXTENTS 2147483645
  PCTINCREASE 0 FREELISTS 1 FREELIST GROUPS 1
  BUFFER_POOL DEFAULT FLASH_CACHE DEFAULT CELL_FLASH_CACHE DEFAULT)
  TABLESPACE "FIDE_ROPASCLARAS_FINAL_TBS" ;
--------------------------------------------------------
--  DDL for Index FIDE_PAIS_TB_ID_PAIS_PK
--------------------------------------------------------

  CREATE UNIQUE INDEX "FIDE_ROPASCLARAS_FINAL"."FIDE_PAIS_TB_ID_PAIS_PK" ON "FIDE_ROPASCLARAS_FINAL"."FIDE_PAIS_TB" ("ID_PAIS") 
  PCTFREE 10 INITRANS 2 MAXTRANS 255 
  STORAGE(INITIAL 65536 NEXT 1048576 MINEXTENTS 1 MAXEXTENTS 2147483645
  PCTINCREASE 0 FREELISTS 1 FREELIST GROUPS 1
  BUFFER_POOL DEFAULT FLASH_CACHE DEFAULT CELL_FLASH_CACHE DEFAULT)
  TABLESPACE "FIDE_ROPASCLARAS_FINAL_TBS" ;
--------------------------------------------------------
--  DDL for Index FIDE_PROVEEDORES_TB_ID_PROVEEDOR_PK
--------------------------------------------------------

  CREATE UNIQUE INDEX "FIDE_ROPASCLARAS_FINAL"."FIDE_PROVEEDORES_TB_ID_PROVEEDOR_PK" ON "FIDE_ROPASCLARAS_FINAL"."FIDE_PROVEEDORES_TB" ("ID_PROVEEDOR") 
  PCTFREE 10 INITRANS 2 MAXTRANS 255 
  STORAGE(INITIAL 65536 NEXT 1048576 MINEXTENTS 1 MAXEXTENTS 2147483645
  PCTINCREASE 0 FREELISTS 1 FREELIST GROUPS 1
  BUFFER_POOL DEFAULT FLASH_CACHE DEFAULT CELL_FLASH_CACHE DEFAULT)
  TABLESPACE "FIDE_ROPASCLARAS_FINAL_TBS" ;
--------------------------------------------------------
--  DDL for Index FIDE_PROVINCIA_TB_ID_PROVINCIA_PK
--------------------------------------------------------

  CREATE UNIQUE INDEX "FIDE_ROPASCLARAS_FINAL"."FIDE_PROVINCIA_TB_ID_PROVINCIA_PK" ON "FIDE_ROPASCLARAS_FINAL"."FIDE_PROVINCIA_TB" ("ID_PROVINCIA") 
  PCTFREE 10 INITRANS 2 MAXTRANS 255 
  STORAGE(INITIAL 65536 NEXT 1048576 MINEXTENTS 1 MAXEXTENTS 2147483645
  PCTINCREASE 0 FREELISTS 1 FREELIST GROUPS 1
  BUFFER_POOL DEFAULT FLASH_CACHE DEFAULT CELL_FLASH_CACHE DEFAULT)
  TABLESPACE "FIDE_ROPASCLARAS_FINAL_TBS" ;
--------------------------------------------------------
--  DDL for Trigger FIDE_CANTON_TB_TRG
--------------------------------------------------------

  CREATE OR REPLACE EDITIONABLE TRIGGER "FIDE_ROPASCLARAS_FINAL"."FIDE_CANTON_TB_TRG" 
BEFORE INSERT OR UPDATE ON FIDE_CANTON_TB
FOR EACH ROW
BEGIN
    IF INSERTING THEN
        IF :NEW.ID_Canton IS NULL THEN
            SELECT ID_CANTON_SEQ.NEXTVAL INTO :NEW.ID_Canton FROM DUAL;
        END IF;
        :NEW.FECHA_CREACION := SYSTIMESTAMP;
        :NEW.CREADO_POR := USER;
        :NEW.ACCION := 'INSERT';
        :NEW.ESTADO := 'A';
    ELSE
        :NEW.FECHA_MODIFICACION := SYSTIMESTAMP;
        :NEW.MODIFICADO_POR := USER;
        :NEW.ACCION := 'UPDATE';
    END IF;
END;

/
ALTER TRIGGER "FIDE_ROPASCLARAS_FINAL"."FIDE_CANTON_TB_TRG" ENABLE;
--------------------------------------------------------
--  DDL for Trigger FIDE_CARRITO_TB_TRG
--------------------------------------------------------

  CREATE OR REPLACE EDITIONABLE TRIGGER "FIDE_ROPASCLARAS_FINAL"."FIDE_CARRITO_TB_TRG" 
BEFORE INSERT OR UPDATE ON FIDE_CARRITO_TB
FOR EACH ROW
BEGIN
    IF INSERTING THEN
        IF :NEW.ID_Carrito IS NULL THEN
            SELECT ID_CARRITO_SEQ.NEXTVAL INTO :NEW.ID_Carrito FROM DUAL;
        END IF;
        :NEW.FECHA_CREACION := SYSTIMESTAMP;
        :NEW.CREADO_POR := USER;
        :NEW.ACCION := 'INSERT';
        :NEW.ESTADO := 'A';
    ELSE
        :NEW.FECHA_MODIFICACION := SYSTIMESTAMP;
        :NEW.MODIFICADO_POR := USER;
        :NEW.ACCION := 'UPDATE';
    END IF;
END;

/
ALTER TRIGGER "FIDE_ROPASCLARAS_FINAL"."FIDE_CARRITO_TB_TRG" ENABLE;
--------------------------------------------------------
--  DDL for Trigger FIDE_CARRITO_TEMP_TB_TRG
--------------------------------------------------------

  CREATE OR REPLACE EDITIONABLE TRIGGER "FIDE_ROPASCLARAS_FINAL"."FIDE_CARRITO_TEMP_TB_TRG" 
BEFORE INSERT OR UPDATE ON FIDE_CARRITO_TEMP_TB
FOR EACH ROW
BEGIN
    IF INSERTING THEN
        IF :NEW.ID_Carrito_Temp IS NULL THEN
            SELECT ID_CARRITO_TEMP_SEQ.NEXTVAL INTO :NEW.ID_Carrito_Temp FROM DUAL;
        END IF;
        :NEW.FECHA_CREACION := SYSTIMESTAMP;
        :NEW.CREADO_POR := USER;
        :NEW.ACCION := 'INSERT';
        :NEW.ESTADO := 'A';
    ELSE
        :NEW.FECHA_MODIFICACION := SYSTIMESTAMP;
        :NEW.MODIFICADO_POR := USER;
        :NEW.ACCION := 'UPDATE';
    END IF;
END;

/
ALTER TRIGGER "FIDE_ROPASCLARAS_FINAL"."FIDE_CARRITO_TEMP_TB_TRG" ENABLE;
--------------------------------------------------------
--  DDL for Trigger FIDE_CLIENTES_TB_TRG
--------------------------------------------------------

  CREATE OR REPLACE EDITIONABLE TRIGGER "FIDE_ROPASCLARAS_FINAL"."FIDE_CLIENTES_TB_TRG" 
BEFORE INSERT OR UPDATE ON FIDE_CLIENTES_TB
FOR EACH ROW
BEGIN
    IF INSERTING THEN
        IF :NEW.ID_Cliente IS NULL THEN
            SELECT ID_CLIENTES_SEQ.NEXTVAL INTO :NEW.ID_Cliente FROM DUAL;
        END IF;
        :NEW.FECHA_CREACION := SYSTIMESTAMP;
        :NEW.CREADO_POR := USER;
        :NEW.ACCION := 'INSERT';
        :NEW.ESTADO := 'A';
    ELSE
        :NEW.FECHA_MODIFICACION := SYSTIMESTAMP;
        :NEW.MODIFICADO_POR := USER;
        :NEW.ACCION := 'UPDATE';
    END IF;
END;

/
ALTER TRIGGER "FIDE_ROPASCLARAS_FINAL"."FIDE_CLIENTES_TB_TRG" ENABLE;
--------------------------------------------------------
--  DDL for Trigger FIDE_DISTRITO_TB_TRG
--------------------------------------------------------

  CREATE OR REPLACE EDITIONABLE TRIGGER "FIDE_ROPASCLARAS_FINAL"."FIDE_DISTRITO_TB_TRG" 
BEFORE INSERT OR UPDATE ON FIDE_DISTRITO_TB
FOR EACH ROW
BEGIN
    IF INSERTING THEN
        IF :NEW.ID_Distrito IS NULL THEN
            SELECT ID_DISTRITO_SEQ.NEXTVAL INTO :NEW.ID_Distrito FROM DUAL;
        END IF;
        :NEW.FECHA_CREACION := SYSTIMESTAMP;
        :NEW.CREADO_POR := USER;
        :NEW.ACCION := 'INSERT';
        :NEW.ESTADO := 'A';
    ELSE
        :NEW.FECHA_MODIFICACION := SYSTIMESTAMP;
        :NEW.MODIFICADO_POR := USER;
        :NEW.ACCION := 'UPDATE';
    END IF;
END;

/
ALTER TRIGGER "FIDE_ROPASCLARAS_FINAL"."FIDE_DISTRITO_TB_TRG" ENABLE;
--------------------------------------------------------
--  DDL for Trigger FIDE_EMPRESA_ENVIOS_TB_TRG
--------------------------------------------------------

  CREATE OR REPLACE EDITIONABLE TRIGGER "FIDE_ROPASCLARAS_FINAL"."FIDE_EMPRESA_ENVIOS_TB_TRG" 
BEFORE INSERT OR UPDATE ON FIDE_EMPRESA_ENVIOS_TB
FOR EACH ROW
BEGIN
    IF INSERTING THEN
        IF :NEW.ID_Mensajero IS NULL THEN
            SELECT ID_EMPRESA_ENVIOS_SEQ.NEXTVAL INTO :NEW.ID_Mensajero FROM DUAL;
        END IF;
        :NEW.FECHA_CREACION := SYSTIMESTAMP;
        :NEW.CREADO_POR := USER;
        :NEW.ACCION := 'INSERT';
        :NEW.ESTADO := 'A';
    ELSE
        :NEW.FECHA_MODIFICACION := SYSTIMESTAMP;
        :NEW.MODIFICADO_POR := USER;
        :NEW.ACCION := 'UPDATE';
    END IF;
END;

/
ALTER TRIGGER "FIDE_ROPASCLARAS_FINAL"."FIDE_EMPRESA_ENVIOS_TB_TRG" ENABLE;
--------------------------------------------------------
--  DDL for Trigger FIDE_ENVIOS_TB_TRG
--------------------------------------------------------

  CREATE OR REPLACE EDITIONABLE TRIGGER "FIDE_ROPASCLARAS_FINAL"."FIDE_ENVIOS_TB_TRG" 
BEFORE INSERT OR UPDATE ON FIDE_ENVIOS_TB
FOR EACH ROW
BEGIN
    IF INSERTING THEN
        IF :NEW.ID_Envios IS NULL THEN
            SELECT ID_ENVIOS_SEQ.NEXTVAL INTO :NEW.ID_Envios FROM DUAL;
        END IF;
        :NEW.FECHA_CREACION := SYSTIMESTAMP;
        :NEW.CREADO_POR := USER;
        :NEW.ACCION := 'INSERT';
        :NEW.ESTADO := 'A';
    ELSE
        :NEW.FECHA_MODIFICACION := SYSTIMESTAMP;
        :NEW.MODIFICADO_POR := USER;
        :NEW.ACCION := 'UPDATE';
    END IF;
END;

/
ALTER TRIGGER "FIDE_ROPASCLARAS_FINAL"."FIDE_ENVIOS_TB_TRG" ENABLE;
--------------------------------------------------------
--  DDL for Trigger FIDE_ESTADO_TB_TRG
--------------------------------------------------------

  CREATE OR REPLACE EDITIONABLE TRIGGER "FIDE_ROPASCLARAS_FINAL"."FIDE_ESTADO_TB_TRG" 
BEFORE INSERT OR UPDATE ON FIDE_ESTADO_TB
FOR EACH ROW
BEGIN
    IF INSERTING THEN
        IF :NEW.ID_Estado IS NULL THEN
            SELECT ID_ESTADO_SEQ.NEXTVAL INTO :NEW.ID_Estado FROM DUAL;
        END IF;
        :NEW.FECHA_CREACION := SYSTIMESTAMP;
        :NEW.CREADO_POR := USER;
        :NEW.ACCION := 'INSERT';
        :NEW.ESTADO := 'A';
    ELSE
        :NEW.FECHA_MODIFICACION := SYSTIMESTAMP;
        :NEW.MODIFICADO_POR := USER;
        :NEW.ACCION := 'UPDATE';
    END IF;
END;

/
ALTER TRIGGER "FIDE_ROPASCLARAS_FINAL"."FIDE_ESTADO_TB_TRG" ENABLE;
--------------------------------------------------------
--  DDL for Trigger FIDE_FACTURA_TB_TRG
--------------------------------------------------------

  CREATE OR REPLACE EDITIONABLE TRIGGER "FIDE_ROPASCLARAS_FINAL"."FIDE_FACTURA_TB_TRG" 
BEFORE INSERT OR UPDATE ON FIDE_FACTURA_TB
FOR EACH ROW
BEGIN
    IF INSERTING THEN
        IF :NEW.ID_Factura IS NULL THEN
            SELECT ID_FACTURA_SEQ.NEXTVAL INTO :NEW.ID_Factura FROM DUAL;
        END IF;
        :NEW.FECHA_CREACION := SYSTIMESTAMP;
        :NEW.CREADO_POR := USER;
        :NEW.ACCION := 'INSERT';
        :NEW.ESTADO := 'A';
    ELSE
        :NEW.FECHA_MODIFICACION := SYSTIMESTAMP;
        :NEW.MODIFICADO_POR := USER;
        :NEW.ACCION := 'UPDATE';
    END IF;
END;

/
ALTER TRIGGER "FIDE_ROPASCLARAS_FINAL"."FIDE_FACTURA_TB_TRG" ENABLE;
--------------------------------------------------------
--  DDL for Trigger FIDE_FEEDBACK_TB_TRG
--------------------------------------------------------

  CREATE OR REPLACE EDITIONABLE TRIGGER "FIDE_ROPASCLARAS_FINAL"."FIDE_FEEDBACK_TB_TRG" 
BEFORE INSERT OR UPDATE ON FIDE_FEEDBACK_TB
FOR EACH ROW
BEGIN
    IF INSERTING THEN
        IF :NEW.ID_Feedback IS NULL THEN
            SELECT ID_FEEDBACK_SEQ.NEXTVAL INTO :NEW.ID_Feedback FROM DUAL;
        END IF;
        :NEW.FECHA_CREACION := SYSTIMESTAMP;
        :NEW.CREADO_POR := USER;
        :NEW.ACCION := 'INSERT';
        :NEW.ESTADO := 'A';
    ELSE
        :NEW.FECHA_MODIFICACION := SYSTIMESTAMP;
        :NEW.MODIFICADO_POR := USER;
        :NEW.ACCION := 'UPDATE';
    END IF;
END;
/
ALTER TRIGGER "FIDE_ROPASCLARAS_FINAL"."FIDE_FEEDBACK_TB_TRG" ENABLE;
--------------------------------------------------------
--  DDL for Trigger FIDE_INVENTARIO_TB_TRG
--------------------------------------------------------

  CREATE OR REPLACE EDITIONABLE TRIGGER "FIDE_ROPASCLARAS_FINAL"."FIDE_INVENTARIO_TB_TRG" 
BEFORE INSERT OR UPDATE ON FIDE_INVENTARIO_TB
FOR EACH ROW
BEGIN
    IF INSERTING THEN
        IF :NEW.ID_Producto IS NULL THEN
            SELECT ID_INVENTARIO_SEQ.NEXTVAL INTO :NEW.ID_Producto FROM DUAL;
        END IF;
        :NEW.FECHA_CREACION := SYSTIMESTAMP;
        :NEW.CREADO_POR := USER;
        :NEW.ACCION := 'INSERT';
        :NEW.ESTADO := 'A';
    ELSE
        :NEW.FECHA_MODIFICACION := SYSTIMESTAMP;
        :NEW.MODIFICADO_POR := USER;
        :NEW.ACCION := 'UPDATE';
    END IF;
END;

/
ALTER TRIGGER "FIDE_ROPASCLARAS_FINAL"."FIDE_INVENTARIO_TB_TRG" ENABLE;
--------------------------------------------------------
--  DDL for Trigger FIDE_METODO_PAGO_TB_TRG
--------------------------------------------------------

  CREATE OR REPLACE EDITIONABLE TRIGGER "FIDE_ROPASCLARAS_FINAL"."FIDE_METODO_PAGO_TB_TRG" 
BEFORE INSERT OR UPDATE ON FIDE_METODO_PAGO_TB
FOR EACH ROW
BEGIN
    IF INSERTING THEN
        IF :NEW.ID_Metodo IS NULL THEN
            SELECT ID_METODO_PAGO_SEQ.NEXTVAL INTO :NEW.ID_Metodo FROM DUAL;
        END IF;
        :NEW.FECHA_CREACION := SYSTIMESTAMP;
        :NEW.CREADO_POR := USER;
        :NEW.ACCION := 'INSERT';
        :NEW.ESTADO := 'A';
    ELSE
        :NEW.FECHA_MODIFICACION := SYSTIMESTAMP;
        :NEW.MODIFICADO_POR := USER;
        :NEW.ACCION := 'UPDATE';
    END IF;
END;

/
ALTER TRIGGER "FIDE_ROPASCLARAS_FINAL"."FIDE_METODO_PAGO_TB_TRG" ENABLE;
--------------------------------------------------------
--  DDL for Trigger FIDE_PAIS_TB_TRG
--------------------------------------------------------

  CREATE OR REPLACE EDITIONABLE TRIGGER "FIDE_ROPASCLARAS_FINAL"."FIDE_PAIS_TB_TRG" 
BEFORE INSERT OR UPDATE ON FIDE_PAIS_TB
FOR EACH ROW
BEGIN
    IF INSERTING THEN
        IF :NEW.ID_Pais IS NULL THEN
            SELECT ID_PAIS_SEQ.NEXTVAL INTO :NEW.ID_Pais FROM DUAL;
        END IF;
        :NEW.FECHA_CREACION := SYSTIMESTAMP;
        :NEW.CREADO_POR := USER;
        :NEW.ACCION := 'INSERT';
        :NEW.ESTADO := 'A';
    ELSE
        :NEW.FECHA_MODIFICACION := SYSTIMESTAMP;
        :NEW.MODIFICADO_POR := USER;
        :NEW.ACCION := 'UPDATE';
    END IF;
END;

/
ALTER TRIGGER "FIDE_ROPASCLARAS_FINAL"."FIDE_PAIS_TB_TRG" ENABLE;
--------------------------------------------------------
--  DDL for Trigger FIDE_PROVEEDORES_TB_TRG
--------------------------------------------------------

  CREATE OR REPLACE EDITIONABLE TRIGGER "FIDE_ROPASCLARAS_FINAL"."FIDE_PROVEEDORES_TB_TRG" 
BEFORE INSERT OR UPDATE ON FIDE_PROVEEDORES_TB
FOR EACH ROW
BEGIN
    IF INSERTING THEN
        IF :NEW.ID_Proveedor IS NULL THEN
            SELECT ID_PROVEEDORES_SEQ.NEXTVAL INTO :NEW.ID_Proveedor FROM DUAL;
        END IF;
        :NEW.FECHA_CREACION := SYSTIMESTAMP;
        :NEW.CREADO_POR := USER;
        :NEW.ACCION := 'INSERT';
        :NEW.ESTADO := 'A';
    ELSE
        :NEW.FECHA_MODIFICACION := SYSTIMESTAMP;
        :NEW.MODIFICADO_POR := USER;
        :NEW.ACCION := 'UPDATE';
    END IF;
END;

/
ALTER TRIGGER "FIDE_ROPASCLARAS_FINAL"."FIDE_PROVEEDORES_TB_TRG" ENABLE;
--------------------------------------------------------
--  DDL for Trigger FIDE_PROVINCIA_TB_TRG
--------------------------------------------------------

  CREATE OR REPLACE EDITIONABLE TRIGGER "FIDE_ROPASCLARAS_FINAL"."FIDE_PROVINCIA_TB_TRG" 
BEFORE INSERT OR UPDATE ON FIDE_PROVINCIA_TB
FOR EACH ROW
BEGIN
    IF INSERTING THEN
        IF :NEW.ID_Provincia IS NULL THEN
            SELECT ID_PROVINCIA_SEQ.NEXTVAL INTO :NEW.ID_Provincia FROM DUAL;
        END IF;
        :NEW.FECHA_CREACION := SYSTIMESTAMP;
        :NEW.CREADO_POR := USER;
        :NEW.ACCION := 'INSERT';
        :NEW.ESTADO := 'A';
    ELSE
        :NEW.FECHA_MODIFICACION := SYSTIMESTAMP;
        :NEW.MODIFICADO_POR := USER;
        :NEW.ACCION := 'UPDATE';
    END IF;
END;

/
ALTER TRIGGER "FIDE_ROPASCLARAS_FINAL"."FIDE_PROVINCIA_TB_TRG" ENABLE;
--------------------------------------------------------
--  DDL for Procedure FIDE_CANTON_TB_INSERTAR_SP
--------------------------------------------------------
set define off;

  CREATE OR REPLACE EDITIONABLE PROCEDURE "FIDE_ROPASCLARAS_FINAL"."FIDE_CANTON_TB_INSERTAR_SP" (
    V_Nombre IN VARCHAR2
) IS
BEGIN
    INSERT INTO FIDE_CANTON_TB (Nombre)
    VALUES (V_Nombre);
    COMMIT;
END FIDE_CANTON_TB_INSERTAR_SP;

/
--------------------------------------------------------
--  DDL for Procedure FIDE_CARRITO_TB_INSERTAR_SP
--------------------------------------------------------
set define off;

  CREATE OR REPLACE EDITIONABLE PROCEDURE "FIDE_ROPASCLARAS_FINAL"."FIDE_CARRITO_TB_INSERTAR_SP" (
    V_Producto_ID IN NUMBER,
    V_Cantidad IN NUMBER,
    V_Subtotal IN NUMBER,
    V_Estado_ID IN NUMBER,
    V_Cliente_ID IN NUMBER
) IS
BEGIN
    INSERT INTO FIDE_CARRITO_TB (Producto_ID, Cantidad, Subtotal, Estado_ID, Cliente_ID) 
    VALUES (V_Producto_ID, V_Cantidad, V_Subtotal, V_Estado_ID, V_Cliente_ID);

    COMMIT;
END FIDE_CARRITO_TB_INSERTAR_SP;

/
--------------------------------------------------------
--  DDL for Procedure FIDE_CARRITO_TEMP_TB_INSERTAR_SP
--------------------------------------------------------
set define off;

  CREATE OR REPLACE EDITIONABLE PROCEDURE "FIDE_ROPASCLARAS_FINAL"."FIDE_CARRITO_TEMP_TB_INSERTAR_SP" (
    V_Producto_ID IN NUMBER,
    V_Cantidad IN NUMBER,
    V_Subtotal IN NUMBER,
    V_Estado_ID IN NUMBER,
    V_Cliente_ID IN NUMBER
) IS
BEGIN
    INSERT INTO FIDE_CARRITO_TB (Producto_ID, Cantidad, Subtotal, Estado_ID, Cliente_ID)
    VALUES (V_Producto_ID, V_Cantidad, V_Subtotal, V_Estado_ID, V_Cliente_ID);
    COMMIT;
END FIDE_CARRITO_TEMP_TB_INSERTAR_SP;

/
--------------------------------------------------------
--  DDL for Procedure FIDE_CLIENTES_TB_INSERTAR_SP
--------------------------------------------------------
set define off;

  CREATE OR REPLACE EDITIONABLE PROCEDURE "FIDE_ROPASCLARAS_FINAL"."FIDE_CLIENTES_TB_INSERTAR_SP" (
    V_Nombre IN VARCHAR2,
    V_Telefono IN VARCHAR2,
    V_Cedula IN NUMBER,
    V_Correo IN VARCHAR2,
    V_Pais IN NUMBER,
    V_Provincia IN NUMBER,
    V_Canton IN NUMBER,
    V_Distrito IN NUMBER,
    V_Foto IN BLOB,
    V_Estado_ID IN NUMBER
) 
AS 
BEGIN
    INSERT INTO FIDE_CLIENTES_TB (
        Nombre, Telefono, Cedula, Correo, 
        Pais, Provincia, Canton, Distrito, Foto, 
        Estado_ID
    ) VALUES (
        V_Nombre, 
        V_Telefono, 
        V_Cedula, 
        V_Correo, 
        V_Pais, 
        V_Provincia, 
        V_Canton, 
        V_Distrito, 
        V_Foto, 
        V_Estado_ID 
    );
    COMMIT;
END FIDE_CLIENTES_TB_INSERTAR_SP;

/
--------------------------------------------------------
--  DDL for Procedure FIDE_DISTRITO_TB_INSERTAR_SP
--------------------------------------------------------
set define off;

  CREATE OR REPLACE EDITIONABLE PROCEDURE "FIDE_ROPASCLARAS_FINAL"."FIDE_DISTRITO_TB_INSERTAR_SP" (
    V_Nombre IN VARCHAR2
) IS
BEGIN
    INSERT INTO FIDE_DISTRITO_TB (Nombre)
    VALUES (V_Nombre);
    COMMIT;
END FIDE_DISTRITO_TB_INSERTAR_SP;

/
--------------------------------------------------------
--  DDL for Procedure FIDE_EMPRESA_ENVIOS_TB_INSERTAR_SP
--------------------------------------------------------
set define off;

  CREATE OR REPLACE EDITIONABLE PROCEDURE "FIDE_ROPASCLARAS_FINAL"."FIDE_EMPRESA_ENVIOS_TB_INSERTAR_SP" (
    V_Empresa IN VARCHAR2,
    V_Precio IN NUMBER,
    V_Estado_ID IN NUMBER
) IS
BEGIN
    INSERT INTO FIDE_EMPRESA_ENVIOS_TB (Empresa, Precio, Estado_ID)
    VALUES (V_Empresa, V_Precio, V_Estado_ID);
    COMMIT;
END FIDE_EMPRESA_ENVIOS_TB_INSERTAR_SP;

/
--------------------------------------------------------
--  DDL for Procedure FIDE_ENVIOS_TB_INSERTAR_SP
--------------------------------------------------------
set define off;

  CREATE OR REPLACE EDITIONABLE PROCEDURE "FIDE_ROPASCLARAS_FINAL"."FIDE_ENVIOS_TB_INSERTAR_SP" (
    V_Cliente_ID IN NUMBER, 
    V_Producto_ID IN NUMBER,
    V_Empresa_ID IN NUMBER, 
    V_Estado_ID IN NUMBER  
) IS
BEGIN
    INSERT INTO FIDE_ENVIOS_TB (Cliente_ID, Producto_ID,Empresa_ID, Estado_ID)
    VALUES (V_Cliente_ID, V_Producto_ID, V_Empresa_ID, V_Estado_ID);
    COMMIT;
END FIDE_ENVIOS_TB_INSERTAR_SP;

/
--------------------------------------------------------
--  DDL for Procedure FIDE_ESTADO_TB_INSERTAR_SP
--------------------------------------------------------
set define off;

  CREATE OR REPLACE EDITIONABLE PROCEDURE "FIDE_ROPASCLARAS_FINAL"."FIDE_ESTADO_TB_INSERTAR_SP" (
    V_Nombre IN VARCHAR2
) IS
BEGIN
    INSERT INTO FIDE_ESTADO_TB (NOMBRE_ESTADO)
    VALUES (V_Nombre);
    COMMIT;
END FIDE_ESTADO_TB_INSERTAR_SP;

/
--------------------------------------------------------
--  DDL for Procedure FIDE_FACTURA_TB_INSERTAR_SP
--------------------------------------------------------
set define off;

  CREATE OR REPLACE EDITIONABLE PROCEDURE "FIDE_ROPASCLARAS_FINAL"."FIDE_FACTURA_TB_INSERTAR_SP" (
    V_Cliente_ID IN NUMBER, 
    V_Metodo_ID IN NUMBER, 
    V_Detalle IN VARCHAR2,
    V_TotalDeLineas IN NUMBER,
    V_Total IN NUMBER,
    V_Subtotal IN NUMBER,
    V_IVA IN NUMBER,
    V_Costo_Envio IN NUMBER,
    V_Estado_ID IN NUMBER,  
    V_Carrito_ID IN NUMBER
) IS
BEGIN
    INSERT INTO FIDE_FACTURA_TB (
        Cliente_ID, Metodo_ID, Detalle, TotalDeLineas, Total, Subtotal, IVA, Costo_Envio, Estado_ID, Carrito_ID)
    VALUES (V_Cliente_ID, V_Metodo_ID, V_Detalle, V_TotalDeLineas, V_Total, V_Subtotal, V_IVA, V_Costo_Envio, V_Estado_ID, V_Carrito_ID);
    COMMIT;
END FIDE_FACTURA_TB_INSERTAR_SP;

/
--------------------------------------------------------
--  DDL for Procedure FIDE_FEEDBACK_TB_INSERTAR_SP
--------------------------------------------------------
set define off;

  CREATE OR REPLACE EDITIONABLE PROCEDURE "FIDE_ROPASCLARAS_FINAL"."FIDE_FEEDBACK_TB_INSERTAR_SP" (
    V_Cliente_ID IN NUMBER,
    V_Producto_ID IN NUMBER,
    V_Comentario IN VARCHAR2,
    V_Estado_ID IN NUMBER
) 
AS
BEGIN
    INSERT INTO FIDE_FEEDBACK_TB (Cliente_ID, Producto_ID,Comentario, Estado_ID) 
    VALUES (V_Cliente_ID, V_Producto_ID, V_Comentario, V_Estado_ID);

    COMMIT;
END FIDE_FEEDBACK_TB_INSERTAR_SP;

/
--------------------------------------------------------
--  DDL for Procedure FIDE_INVENTARIO_TB_INSERTAR_SP
--------------------------------------------------------
set define off;

  CREATE OR REPLACE EDITIONABLE PROCEDURE "FIDE_ROPASCLARAS_FINAL"."FIDE_INVENTARIO_TB_INSERTAR_SP" ( 
    V_Nombre IN VARCHAR2,
    V_Imagen IN BLOB,
    V_Precio IN NUMBER,
    V_Detalle IN VARCHAR2,
    V_Cantidad IN NUMBER,
    V_Categoria IN VARCHAR2,
    V_Proveedor_ID IN NUMBER,
    V_Estado_ID IN NUMBER
) IS
BEGIN
    INSERT INTO FIDE_INVENTARIO_TB (Nombre, Imagen, Precio, Detalle, Cantidad, Categoria, Proveedor_ID, ESTADO_ID)
    VALUES (V_Nombre, V_Imagen, V_Precio, V_Detalle, V_Cantidad, V_Categoria, V_Proveedor_ID, V_Estado_ID);
    COMMIT;
END FIDE_INVENTARIO_TB_INSERTAR_SP;


/
--------------------------------------------------------
--  DDL for Procedure FIDE_METODO_PAGO_TB_INSERTAR_SP
--------------------------------------------------------
set define off;

  CREATE OR REPLACE EDITIONABLE PROCEDURE "FIDE_ROPASCLARAS_FINAL"."FIDE_METODO_PAGO_TB_INSERTAR_SP" (
    V_Descripcion IN VARCHAR2,
    V_Estado_ID IN NUMBER

) IS
BEGIN
    INSERT INTO FIDE_METODO_PAGO_TB (Descripcion, Estado_ID)
    VALUES (V_Descripcion, V_Estado_ID);
    COMMIT;
END FIDE_METODO_PAGO_TB_INSERTAR_SP;

/
--------------------------------------------------------
--  DDL for Procedure FIDE_PAIS_TB_INSERTAR_SP
--------------------------------------------------------
set define off;

  CREATE OR REPLACE EDITIONABLE PROCEDURE "FIDE_ROPASCLARAS_FINAL"."FIDE_PAIS_TB_INSERTAR_SP" (
    V_Nombre IN VARCHAR2
) IS
BEGIN
    INSERT INTO FIDE_PAIS_TB (Nombre)
    VALUES (V_Nombre);
    COMMIT;
END FIDE_PAIS_TB_INSERTAR_SP;

/
--------------------------------------------------------
--  DDL for Procedure FIDE_PROVEEDORES_TB_INSERTAR_SP
--------------------------------------------------------
set define off;

  CREATE OR REPLACE EDITIONABLE PROCEDURE "FIDE_ROPASCLARAS_FINAL"."FIDE_PROVEEDORES_TB_INSERTAR_SP" (
    V_Nombre IN VARCHAR2,
    V_Detalles IN VARCHAR2,
    V_Estado_ID NUMBER
) IS
BEGIN
    INSERT INTO FIDE_PROVEEDORES_TB (Nombre, Detalles, Estado_ID)
    VALUES ( V_Nombre, V_Detalles , V_Estado_ID);
    COMMIT;
END FIDE_PROVEEDORES_TB_INSERTAR_SP;

/
--------------------------------------------------------
--  DDL for Procedure FIDE_PROVINCIA_TB_INSERTAR_SP
--------------------------------------------------------
set define off;

  CREATE OR REPLACE EDITIONABLE PROCEDURE "FIDE_ROPASCLARAS_FINAL"."FIDE_PROVINCIA_TB_INSERTAR_SP" (
    V_Nombre IN VARCHAR2
) IS
BEGIN
    INSERT INTO FIDE_PROVINCIA_TB (Nombre)
    VALUES (V_Nombre);
    COMMIT;
END FIDE_PROVINCIA_TB_INSERTAR_SP;

/
--------------------------------------------------------
--  Constraints for Table FIDE_EMPRESA_ENVIOS_TB
--------------------------------------------------------

  ALTER TABLE "FIDE_ROPASCLARAS_FINAL"."FIDE_EMPRESA_ENVIOS_TB" ADD CONSTRAINT "FIDE_EMPRESA_ENVIOS_TB_ID_MENSAJERO_PK" PRIMARY KEY ("ID_MENSAJERO")
  USING INDEX PCTFREE 10 INITRANS 2 MAXTRANS 255 
  STORAGE(INITIAL 65536 NEXT 1048576 MINEXTENTS 1 MAXEXTENTS 2147483645
  PCTINCREASE 0 FREELISTS 1 FREELIST GROUPS 1
  BUFFER_POOL DEFAULT FLASH_CACHE DEFAULT CELL_FLASH_CACHE DEFAULT)
  TABLESPACE "FIDE_ROPASCLARAS_FINAL_TBS"  ENABLE;
--------------------------------------------------------
--  Constraints for Table FIDE_FACTURA_TB
--------------------------------------------------------

  ALTER TABLE "FIDE_ROPASCLARAS_FINAL"."FIDE_FACTURA_TB" ADD CONSTRAINT "FIDE_FACTURA_TB_ID_FACTURA_PK" PRIMARY KEY ("ID_FACTURA")
  USING INDEX PCTFREE 10 INITRANS 2 MAXTRANS 255 
  STORAGE(INITIAL 65536 NEXT 1048576 MINEXTENTS 1 MAXEXTENTS 2147483645
  PCTINCREASE 0 FREELISTS 1 FREELIST GROUPS 1
  BUFFER_POOL DEFAULT FLASH_CACHE DEFAULT CELL_FLASH_CACHE DEFAULT)
  TABLESPACE "FIDE_ROPASCLARAS_FINAL_TBS"  ENABLE;
--------------------------------------------------------
--  Constraints for Table FIDE_CANTON_TB
--------------------------------------------------------

  ALTER TABLE "FIDE_ROPASCLARAS_FINAL"."FIDE_CANTON_TB" ADD CONSTRAINT "FIDE_CANTON_TB_ID_CANTON_PK" PRIMARY KEY ("ID_CANTON")
  USING INDEX PCTFREE 10 INITRANS 2 MAXTRANS 255 
  STORAGE(INITIAL 65536 NEXT 1048576 MINEXTENTS 1 MAXEXTENTS 2147483645
  PCTINCREASE 0 FREELISTS 1 FREELIST GROUPS 1
  BUFFER_POOL DEFAULT FLASH_CACHE DEFAULT CELL_FLASH_CACHE DEFAULT)
  TABLESPACE "FIDE_ROPASCLARAS_FINAL_TBS"  ENABLE;
--------------------------------------------------------
--  Constraints for Table FIDE_ENVIOS_TB
--------------------------------------------------------

  ALTER TABLE "FIDE_ROPASCLARAS_FINAL"."FIDE_ENVIOS_TB" ADD CONSTRAINT "FIDE_ENVIOS_TB_ID_ENVIOS_PK" PRIMARY KEY ("ID_ENVIOS")
  USING INDEX PCTFREE 10 INITRANS 2 MAXTRANS 255 
  STORAGE(INITIAL 65536 NEXT 1048576 MINEXTENTS 1 MAXEXTENTS 2147483645
  PCTINCREASE 0 FREELISTS 1 FREELIST GROUPS 1
  BUFFER_POOL DEFAULT FLASH_CACHE DEFAULT CELL_FLASH_CACHE DEFAULT)
  TABLESPACE "FIDE_ROPASCLARAS_FINAL_TBS"  ENABLE;
--------------------------------------------------------
--  Constraints for Table FIDE_INVENTARIO_TB
--------------------------------------------------------

  ALTER TABLE "FIDE_ROPASCLARAS_FINAL"."FIDE_INVENTARIO_TB" ADD CONSTRAINT "FIDE_INVENTARIO_TB_ID_PRODUCTO_PK" PRIMARY KEY ("ID_PRODUCTO")
  USING INDEX PCTFREE 10 INITRANS 2 MAXTRANS 255 
  STORAGE(INITIAL 65536 NEXT 1048576 MINEXTENTS 1 MAXEXTENTS 2147483645
  PCTINCREASE 0 FREELISTS 1 FREELIST GROUPS 1
  BUFFER_POOL DEFAULT FLASH_CACHE DEFAULT CELL_FLASH_CACHE DEFAULT)
  TABLESPACE "FIDE_ROPASCLARAS_FINAL_TBS"  ENABLE;
--------------------------------------------------------
--  Constraints for Table FIDE_FEEDBACK_TB
--------------------------------------------------------

  ALTER TABLE "FIDE_ROPASCLARAS_FINAL"."FIDE_FEEDBACK_TB" ADD CONSTRAINT "FIDE_FEEDBACK_TB_ID_FEEDBACK_PK" PRIMARY KEY ("ID_FEEDBACK")
  USING INDEX PCTFREE 10 INITRANS 2 MAXTRANS 255 
  STORAGE(INITIAL 65536 NEXT 1048576 MINEXTENTS 1 MAXEXTENTS 2147483645
  PCTINCREASE 0 FREELISTS 1 FREELIST GROUPS 1
  BUFFER_POOL DEFAULT FLASH_CACHE DEFAULT CELL_FLASH_CACHE DEFAULT)
  TABLESPACE "FIDE_ROPASCLARAS_FINAL_TBS"  ENABLE;
--------------------------------------------------------
--  Constraints for Table FIDE_PROVEEDORES_TB
--------------------------------------------------------

  ALTER TABLE "FIDE_ROPASCLARAS_FINAL"."FIDE_PROVEEDORES_TB" ADD CONSTRAINT "FIDE_PROVEEDORES_TB_ID_PROVEEDOR_PK" PRIMARY KEY ("ID_PROVEEDOR")
  USING INDEX PCTFREE 10 INITRANS 2 MAXTRANS 255 
  STORAGE(INITIAL 65536 NEXT 1048576 MINEXTENTS 1 MAXEXTENTS 2147483645
  PCTINCREASE 0 FREELISTS 1 FREELIST GROUPS 1
  BUFFER_POOL DEFAULT FLASH_CACHE DEFAULT CELL_FLASH_CACHE DEFAULT)
  TABLESPACE "FIDE_ROPASCLARAS_FINAL_TBS"  ENABLE;
--------------------------------------------------------
--  Constraints for Table FIDE_DISTRITO_TB
--------------------------------------------------------

  ALTER TABLE "FIDE_ROPASCLARAS_FINAL"."FIDE_DISTRITO_TB" ADD CONSTRAINT "FIDE_DISTRITO_TB_ID_DISTRITO_PK" PRIMARY KEY ("ID_DISTRITO")
  USING INDEX PCTFREE 10 INITRANS 2 MAXTRANS 255 
  STORAGE(INITIAL 65536 NEXT 1048576 MINEXTENTS 1 MAXEXTENTS 2147483645
  PCTINCREASE 0 FREELISTS 1 FREELIST GROUPS 1
  BUFFER_POOL DEFAULT FLASH_CACHE DEFAULT CELL_FLASH_CACHE DEFAULT)
  TABLESPACE "FIDE_ROPASCLARAS_FINAL_TBS"  ENABLE;
--------------------------------------------------------
--  Constraints for Table FIDE_PAIS_TB
--------------------------------------------------------

  ALTER TABLE "FIDE_ROPASCLARAS_FINAL"."FIDE_PAIS_TB" ADD CONSTRAINT "FIDE_PAIS_TB_ID_PAIS_PK" PRIMARY KEY ("ID_PAIS")
  USING INDEX PCTFREE 10 INITRANS 2 MAXTRANS 255 
  STORAGE(INITIAL 65536 NEXT 1048576 MINEXTENTS 1 MAXEXTENTS 2147483645
  PCTINCREASE 0 FREELISTS 1 FREELIST GROUPS 1
  BUFFER_POOL DEFAULT FLASH_CACHE DEFAULT CELL_FLASH_CACHE DEFAULT)
  TABLESPACE "FIDE_ROPASCLARAS_FINAL_TBS"  ENABLE;
--------------------------------------------------------
--  Constraints for Table FIDE_CARRITO_TB
--------------------------------------------------------

  ALTER TABLE "FIDE_ROPASCLARAS_FINAL"."FIDE_CARRITO_TB" ADD CONSTRAINT "FIDE_CARRITO_TB_ID_CARRITO_PK" PRIMARY KEY ("ID_CARRITO")
  USING INDEX PCTFREE 10 INITRANS 2 MAXTRANS 255 
  STORAGE(INITIAL 65536 NEXT 1048576 MINEXTENTS 1 MAXEXTENTS 2147483645
  PCTINCREASE 0 FREELISTS 1 FREELIST GROUPS 1
  BUFFER_POOL DEFAULT FLASH_CACHE DEFAULT CELL_FLASH_CACHE DEFAULT)
  TABLESPACE "FIDE_ROPASCLARAS_FINAL_TBS"  ENABLE;
--------------------------------------------------------
--  Constraints for Table FIDE_CLIENTES_TB
--------------------------------------------------------

  ALTER TABLE "FIDE_ROPASCLARAS_FINAL"."FIDE_CLIENTES_TB" ADD CONSTRAINT "FIDE_CLIENTES_TB_ID_CLIENTE_PK" PRIMARY KEY ("ID_CLIENTE")
  USING INDEX PCTFREE 10 INITRANS 2 MAXTRANS 255 
  STORAGE(INITIAL 65536 NEXT 1048576 MINEXTENTS 1 MAXEXTENTS 2147483645
  PCTINCREASE 0 FREELISTS 1 FREELIST GROUPS 1
  BUFFER_POOL DEFAULT FLASH_CACHE DEFAULT CELL_FLASH_CACHE DEFAULT)
  TABLESPACE "FIDE_ROPASCLARAS_FINAL_TBS"  ENABLE;
  ALTER TABLE "FIDE_ROPASCLARAS_FINAL"."FIDE_CLIENTES_TB" ADD CONSTRAINT "FIDE_CLIENTES_TB_CEDULA_UQ" UNIQUE ("CEDULA")
  USING INDEX PCTFREE 10 INITRANS 2 MAXTRANS 255 
  STORAGE(INITIAL 65536 NEXT 1048576 MINEXTENTS 1 MAXEXTENTS 2147483645
  PCTINCREASE 0 FREELISTS 1 FREELIST GROUPS 1
  BUFFER_POOL DEFAULT FLASH_CACHE DEFAULT CELL_FLASH_CACHE DEFAULT)
  TABLESPACE "FIDE_ROPASCLARAS_FINAL_TBS"  ENABLE;
  ALTER TABLE "FIDE_ROPASCLARAS_FINAL"."FIDE_CLIENTES_TB" ADD CONSTRAINT "FIDE_CLIENTES_TB_CORREO_UQ" UNIQUE ("CORREO")
  USING INDEX PCTFREE 10 INITRANS 2 MAXTRANS 255 
  STORAGE(INITIAL 65536 NEXT 1048576 MINEXTENTS 1 MAXEXTENTS 2147483645
  PCTINCREASE 0 FREELISTS 1 FREELIST GROUPS 1
  BUFFER_POOL DEFAULT FLASH_CACHE DEFAULT CELL_FLASH_CACHE DEFAULT)
  TABLESPACE "FIDE_ROPASCLARAS_FINAL_TBS"  ENABLE;
--------------------------------------------------------
--  Constraints for Table FIDE_PROVINCIA_TB
--------------------------------------------------------

  ALTER TABLE "FIDE_ROPASCLARAS_FINAL"."FIDE_PROVINCIA_TB" ADD CONSTRAINT "FIDE_PROVINCIA_TB_ID_PROVINCIA_PK" PRIMARY KEY ("ID_PROVINCIA")
  USING INDEX PCTFREE 10 INITRANS 2 MAXTRANS 255 
  STORAGE(INITIAL 65536 NEXT 1048576 MINEXTENTS 1 MAXEXTENTS 2147483645
  PCTINCREASE 0 FREELISTS 1 FREELIST GROUPS 1
  BUFFER_POOL DEFAULT FLASH_CACHE DEFAULT CELL_FLASH_CACHE DEFAULT)
  TABLESPACE "FIDE_ROPASCLARAS_FINAL_TBS"  ENABLE;
--------------------------------------------------------
--  Constraints for Table FIDE_CARRITO_TEMP_TB
--------------------------------------------------------

  ALTER TABLE "FIDE_ROPASCLARAS_FINAL"."FIDE_CARRITO_TEMP_TB" ADD CONSTRAINT "FIDE_CARRITO_TB_ID_CARRITO_TEMP_PK" PRIMARY KEY ("ID_CARRITO_TEMP")
  USING INDEX PCTFREE 10 INITRANS 2 MAXTRANS 255 
  TABLESPACE "FIDE_ROPASCLARAS_FINAL_TBS"  ENABLE;
--------------------------------------------------------
--  Constraints for Table FIDE_ESTADO_TB
--------------------------------------------------------

  ALTER TABLE "FIDE_ROPASCLARAS_FINAL"."FIDE_ESTADO_TB" ADD CONSTRAINT "FIDE_ESTADO_TB_ID_ESTADO_PK" PRIMARY KEY ("ID_ESTADO")
  USING INDEX PCTFREE 10 INITRANS 2 MAXTRANS 255 
  STORAGE(INITIAL 65536 NEXT 1048576 MINEXTENTS 1 MAXEXTENTS 2147483645
  PCTINCREASE 0 FREELISTS 1 FREELIST GROUPS 1
  BUFFER_POOL DEFAULT FLASH_CACHE DEFAULT CELL_FLASH_CACHE DEFAULT)
  TABLESPACE "FIDE_ROPASCLARAS_FINAL_TBS"  ENABLE;
--------------------------------------------------------
--  Constraints for Table FIDE_METODO_PAGO_TB
--------------------------------------------------------

  ALTER TABLE "FIDE_ROPASCLARAS_FINAL"."FIDE_METODO_PAGO_TB" ADD CONSTRAINT "FIDE_METODO_PAGO_TB_ID_METODO_PK" PRIMARY KEY ("ID_METODO")
  USING INDEX PCTFREE 10 INITRANS 2 MAXTRANS 255 
  STORAGE(INITIAL 65536 NEXT 1048576 MINEXTENTS 1 MAXEXTENTS 2147483645
  PCTINCREASE 0 FREELISTS 1 FREELIST GROUPS 1
  BUFFER_POOL DEFAULT FLASH_CACHE DEFAULT CELL_FLASH_CACHE DEFAULT)
  TABLESPACE "FIDE_ROPASCLARAS_FINAL_TBS"  ENABLE;
--------------------------------------------------------
--  Ref Constraints for Table FIDE_CARRITO_TB
--------------------------------------------------------

  ALTER TABLE "FIDE_ROPASCLARAS_FINAL"."FIDE_CARRITO_TB" ADD CONSTRAINT "FIDE_CARRITO_TB_PRODUCTO_ID_FK" FOREIGN KEY ("PRODUCTO_ID")
	  REFERENCES "FIDE_ROPASCLARAS_FINAL"."FIDE_INVENTARIO_TB" ("ID_PRODUCTO") ENABLE;
  ALTER TABLE "FIDE_ROPASCLARAS_FINAL"."FIDE_CARRITO_TB" ADD CONSTRAINT "FIDE_CARRITO_TB_ESTADO_ID_FK" FOREIGN KEY ("ESTADO_ID")
	  REFERENCES "FIDE_ROPASCLARAS_FINAL"."FIDE_ESTADO_TB" ("ID_ESTADO") ENABLE;
  ALTER TABLE "FIDE_ROPASCLARAS_FINAL"."FIDE_CARRITO_TB" ADD CONSTRAINT "FIDE_CARRITO_TB_CLIENTE_ID_FK" FOREIGN KEY ("CLIENTE_ID")
	  REFERENCES "FIDE_ROPASCLARAS_FINAL"."FIDE_CLIENTES_TB" ("ID_CLIENTE") ENABLE;
--------------------------------------------------------
--  Ref Constraints for Table FIDE_CARRITO_TEMP_TB
--------------------------------------------------------

  ALTER TABLE "FIDE_ROPASCLARAS_FINAL"."FIDE_CARRITO_TEMP_TB" ADD CONSTRAINT "FIDE_CARRITO_TEMP_TB_PRODUCTO_ID_FK" FOREIGN KEY ("PRODUCTO_ID")
	  REFERENCES "FIDE_ROPASCLARAS_FINAL"."FIDE_INVENTARIO_TB" ("ID_PRODUCTO") ENABLE;
  ALTER TABLE "FIDE_ROPASCLARAS_FINAL"."FIDE_CARRITO_TEMP_TB" ADD CONSTRAINT "FIDE_CARRITO_TEMP_TB_ESTADO_ID_FK" FOREIGN KEY ("ESTADO_ID")
	  REFERENCES "FIDE_ROPASCLARAS_FINAL"."FIDE_ESTADO_TB" ("ID_ESTADO") ENABLE;
  ALTER TABLE "FIDE_ROPASCLARAS_FINAL"."FIDE_CARRITO_TEMP_TB" ADD CONSTRAINT "FIDE_CARRITO_TEMP_TB_CLIENTE_ID_FK" FOREIGN KEY ("CLIENTE_ID")
	  REFERENCES "FIDE_ROPASCLARAS_FINAL"."FIDE_CLIENTES_TB" ("ID_CLIENTE") ENABLE;
--------------------------------------------------------
--  Ref Constraints for Table FIDE_CLIENTES_TB
--------------------------------------------------------

  ALTER TABLE "FIDE_ROPASCLARAS_FINAL"."FIDE_CLIENTES_TB" ADD CONSTRAINT "FIDE_CLIENTES_TB_PAIS_FK" FOREIGN KEY ("PAIS")
	  REFERENCES "FIDE_ROPASCLARAS_FINAL"."FIDE_PAIS_TB" ("ID_PAIS") ENABLE;
  ALTER TABLE "FIDE_ROPASCLARAS_FINAL"."FIDE_CLIENTES_TB" ADD CONSTRAINT "FIDE_CLIENTES_TB_PROVINCIA_FK" FOREIGN KEY ("PROVINCIA")
	  REFERENCES "FIDE_ROPASCLARAS_FINAL"."FIDE_PROVINCIA_TB" ("ID_PROVINCIA") ENABLE;
  ALTER TABLE "FIDE_ROPASCLARAS_FINAL"."FIDE_CLIENTES_TB" ADD CONSTRAINT "FIDE_CLIENTES_TB_CANTON_FK" FOREIGN KEY ("CANTON")
	  REFERENCES "FIDE_ROPASCLARAS_FINAL"."FIDE_CANTON_TB" ("ID_CANTON") ENABLE;
  ALTER TABLE "FIDE_ROPASCLARAS_FINAL"."FIDE_CLIENTES_TB" ADD CONSTRAINT "FIDE_CLIENTES_TB_DISTRITO_FK" FOREIGN KEY ("DISTRITO")
	  REFERENCES "FIDE_ROPASCLARAS_FINAL"."FIDE_DISTRITO_TB" ("ID_DISTRITO") ENABLE;
  ALTER TABLE "FIDE_ROPASCLARAS_FINAL"."FIDE_CLIENTES_TB" ADD CONSTRAINT "FIDE_CLIENTES_TB_ESTADO_ID_FK" FOREIGN KEY ("ESTADO_ID")
	  REFERENCES "FIDE_ROPASCLARAS_FINAL"."FIDE_ESTADO_TB" ("ID_ESTADO") ENABLE;
--------------------------------------------------------
--  Ref Constraints for Table FIDE_EMPRESA_ENVIOS_TB
--------------------------------------------------------

  ALTER TABLE "FIDE_ROPASCLARAS_FINAL"."FIDE_EMPRESA_ENVIOS_TB" ADD CONSTRAINT "FIDE_EMPRESA_ENVIOS_TB_ESTADO_ID_FK" FOREIGN KEY ("ESTADO_ID")
	  REFERENCES "FIDE_ROPASCLARAS_FINAL"."FIDE_ESTADO_TB" ("ID_ESTADO") ENABLE;
--------------------------------------------------------
--  Ref Constraints for Table FIDE_ENVIOS_TB
--------------------------------------------------------

  ALTER TABLE "FIDE_ROPASCLARAS_FINAL"."FIDE_ENVIOS_TB" ADD CONSTRAINT "FIDE_ENVIOS_TB_CLIENTE_ID_FK" FOREIGN KEY ("CLIENTE_ID")
	  REFERENCES "FIDE_ROPASCLARAS_FINAL"."FIDE_CLIENTES_TB" ("ID_CLIENTE") ENABLE;
  ALTER TABLE "FIDE_ROPASCLARAS_FINAL"."FIDE_ENVIOS_TB" ADD CONSTRAINT "FIDE_ENVIOS_TB_PRODUCTO_ID_FK" FOREIGN KEY ("PRODUCTO_ID")
	  REFERENCES "FIDE_ROPASCLARAS_FINAL"."FIDE_INVENTARIO_TB" ("ID_PRODUCTO") ENABLE;
  ALTER TABLE "FIDE_ROPASCLARAS_FINAL"."FIDE_ENVIOS_TB" ADD CONSTRAINT "FIDE_ENVIOS_TB_EMPRESA_ID_FK" FOREIGN KEY ("EMPRESA_ID")
	  REFERENCES "FIDE_ROPASCLARAS_FINAL"."FIDE_EMPRESA_ENVIOS_TB" ("ID_MENSAJERO") ENABLE;
  ALTER TABLE "FIDE_ROPASCLARAS_FINAL"."FIDE_ENVIOS_TB" ADD CONSTRAINT "FIDE_ENVIOS_TB_ESTADO_ID_FK" FOREIGN KEY ("ESTADO_ID")
	  REFERENCES "FIDE_ROPASCLARAS_FINAL"."FIDE_ESTADO_TB" ("ID_ESTADO") ENABLE;
--------------------------------------------------------
--  Ref Constraints for Table FIDE_FACTURA_TB
--------------------------------------------------------

  ALTER TABLE "FIDE_ROPASCLARAS_FINAL"."FIDE_FACTURA_TB" ADD CONSTRAINT "FIDE_FACTURA_TB_CLIENTE_ID_FK" FOREIGN KEY ("CLIENTE_ID")
	  REFERENCES "FIDE_ROPASCLARAS_FINAL"."FIDE_CLIENTES_TB" ("ID_CLIENTE") ENABLE;
  ALTER TABLE "FIDE_ROPASCLARAS_FINAL"."FIDE_FACTURA_TB" ADD CONSTRAINT "FIDE_FACTURA_TB_METODO_ID_FK" FOREIGN KEY ("METODO_ID")
	  REFERENCES "FIDE_ROPASCLARAS_FINAL"."FIDE_METODO_PAGO_TB" ("ID_METODO") ENABLE;
  ALTER TABLE "FIDE_ROPASCLARAS_FINAL"."FIDE_FACTURA_TB" ADD CONSTRAINT "FIDE_FACTURA_TB_ESTADO_ID_FK" FOREIGN KEY ("ESTADO_ID")
	  REFERENCES "FIDE_ROPASCLARAS_FINAL"."FIDE_ESTADO_TB" ("ID_ESTADO") ENABLE;
--------------------------------------------------------
--  Ref Constraints for Table FIDE_FEEDBACK_TB
--------------------------------------------------------

  ALTER TABLE "FIDE_ROPASCLARAS_FINAL"."FIDE_FEEDBACK_TB" ADD CONSTRAINT "FIDE_FEEDBACK_TB_PRODUCTO_ID_FK" FOREIGN KEY ("PRODUCTO_ID")
	  REFERENCES "FIDE_ROPASCLARAS_FINAL"."FIDE_INVENTARIO_TB" ("ID_PRODUCTO") ENABLE;
  ALTER TABLE "FIDE_ROPASCLARAS_FINAL"."FIDE_FEEDBACK_TB" ADD CONSTRAINT "FIDE_FEEDBACK_TB_CLIENTE_ID_FK" FOREIGN KEY ("CLIENTE_ID")
	  REFERENCES "FIDE_ROPASCLARAS_FINAL"."FIDE_CLIENTES_TB" ("ID_CLIENTE") ENABLE;
  ALTER TABLE "FIDE_ROPASCLARAS_FINAL"."FIDE_FEEDBACK_TB" ADD CONSTRAINT "FIDE_FEEDBACK_TB_ESTADO_ID_FK" FOREIGN KEY ("ESTADO_ID")
	  REFERENCES "FIDE_ROPASCLARAS_FINAL"."FIDE_ESTADO_TB" ("ID_ESTADO") ENABLE;
--------------------------------------------------------
--  Ref Constraints for Table FIDE_INVENTARIO_TB
--------------------------------------------------------

  ALTER TABLE "FIDE_ROPASCLARAS_FINAL"."FIDE_INVENTARIO_TB" ADD CONSTRAINT "FIDE_INVENTARIO_TB_PROVEEDOR_ID_FK" FOREIGN KEY ("PROVEEDOR_ID")
	  REFERENCES "FIDE_ROPASCLARAS_FINAL"."FIDE_PROVEEDORES_TB" ("ID_PROVEEDOR") ENABLE;
  ALTER TABLE "FIDE_ROPASCLARAS_FINAL"."FIDE_INVENTARIO_TB" ADD CONSTRAINT "FIDE_INVENTARIO_TB_ESTADO_ID_FK" FOREIGN KEY ("ESTADO_ID")
	  REFERENCES "FIDE_ROPASCLARAS_FINAL"."FIDE_ESTADO_TB" ("ID_ESTADO") ENABLE;
--------------------------------------------------------
--  Ref Constraints for Table FIDE_METODO_PAGO_TB
--------------------------------------------------------

  ALTER TABLE "FIDE_ROPASCLARAS_FINAL"."FIDE_METODO_PAGO_TB" ADD CONSTRAINT "FIDE_METODO_PAGO_TB_ESTADO_ID_FK" FOREIGN KEY ("ESTADO_ID")
	  REFERENCES "FIDE_ROPASCLARAS_FINAL"."FIDE_ESTADO_TB" ("ID_ESTADO") ENABLE;
--------------------------------------------------------
--  Ref Constraints for Table FIDE_PROVEEDORES_TB
--------------------------------------------------------

  ALTER TABLE "FIDE_ROPASCLARAS_FINAL"."FIDE_PROVEEDORES_TB" ADD CONSTRAINT "FIDE_PROVEEDORES_TB_ESTADO_ID_FK" FOREIGN KEY ("ESTADO_ID")
	  REFERENCES "FIDE_ROPASCLARAS_FINAL"."FIDE_ESTADO_TB" ("ID_ESTADO") ENABLE;
