--------------------------------------------------------
--  File created - Monday-December-09-2024   
--------------------------------------------------------
--------------------------------------------------------
--  DDL for Sequence ID_CANTON_SEQ
--------------------------------------------------------

   CREATE SEQUENCE  "FIDE_ROPASCLARAS"."ID_CANTON_SEQ"  MINVALUE 1 MAXVALUE 9999999999999999999999999999 INCREMENT BY 1 START WITH 21 CACHE 20 NOORDER  NOCYCLE  NOKEEP  NOSCALE  GLOBAL ;
--------------------------------------------------------
--  DDL for Sequence ID_CARRITO_SEQ
--------------------------------------------------------

   CREATE SEQUENCE  "FIDE_ROPASCLARAS"."ID_CARRITO_SEQ"  MINVALUE 1 MAXVALUE 9999999999999999999999999999 INCREMENT BY 1 START WITH 21 CACHE 20 NOORDER  NOCYCLE  NOKEEP  NOSCALE  GLOBAL ;
--------------------------------------------------------
--  DDL for Sequence ID_CARRITO_TEMP_SEQ
--------------------------------------------------------

   CREATE SEQUENCE  "FIDE_ROPASCLARAS"."ID_CARRITO_TEMP_SEQ"  MINVALUE 1 MAXVALUE 9999999999999999999999999999 INCREMENT BY 1 START WITH 1 CACHE 20 NOORDER  NOCYCLE  NOKEEP  NOSCALE  GLOBAL ;
--------------------------------------------------------
--  DDL for Sequence ID_CLIENTES_SEQ
--------------------------------------------------------

   CREATE SEQUENCE  "FIDE_ROPASCLARAS"."ID_CLIENTES_SEQ"  MINVALUE 1 MAXVALUE 9999999999999999999999999999 INCREMENT BY 1 START WITH 21 CACHE 20 NOORDER  NOCYCLE  NOKEEP  NOSCALE  GLOBAL ;
--------------------------------------------------------
--  DDL for Sequence ID_DISTRITO_SEQ
--------------------------------------------------------

   CREATE SEQUENCE  "FIDE_ROPASCLARAS"."ID_DISTRITO_SEQ"  MINVALUE 1 MAXVALUE 9999999999999999999999999999 INCREMENT BY 1 START WITH 21 CACHE 20 NOORDER  NOCYCLE  NOKEEP  NOSCALE  GLOBAL ;
--------------------------------------------------------
--  DDL for Sequence ID_EMPRESA_ENVIOS_SEQ
--------------------------------------------------------

   CREATE SEQUENCE  "FIDE_ROPASCLARAS"."ID_EMPRESA_ENVIOS_SEQ"  MINVALUE 1 MAXVALUE 9999999999999999999999999999 INCREMENT BY 1 START WITH 1 CACHE 20 NOORDER  NOCYCLE  NOKEEP  NOSCALE  GLOBAL ;
--------------------------------------------------------
--  DDL for Sequence ID_ENVIOS_SEQ
--------------------------------------------------------

   CREATE SEQUENCE  "FIDE_ROPASCLARAS"."ID_ENVIOS_SEQ"  MINVALUE 1 MAXVALUE 9999999999999999999999999999 INCREMENT BY 1 START WITH 1 CACHE 20 NOORDER  NOCYCLE  NOKEEP  NOSCALE  GLOBAL ;
--------------------------------------------------------
--  DDL for Sequence ID_ESTADO_SEQ
--------------------------------------------------------

   CREATE SEQUENCE  "FIDE_ROPASCLARAS"."ID_ESTADO_SEQ"  MINVALUE 1 MAXVALUE 9999999999999999999999999999 INCREMENT BY 1 START WITH 21 CACHE 20 NOORDER  NOCYCLE  NOKEEP  NOSCALE  GLOBAL ;
--------------------------------------------------------
--  DDL for Sequence ID_FACTURA_SEQ
--------------------------------------------------------

   CREATE SEQUENCE  "FIDE_ROPASCLARAS"."ID_FACTURA_SEQ"  MINVALUE 1 MAXVALUE 9999999999999999999999999999 INCREMENT BY 1 START WITH 1 CACHE 20 NOORDER  NOCYCLE  NOKEEP  NOSCALE  GLOBAL ;
--------------------------------------------------------
--  DDL for Sequence ID_FEEDBACK_SEQ
--------------------------------------------------------

   CREATE SEQUENCE  "FIDE_ROPASCLARAS"."ID_FEEDBACK_SEQ"  MINVALUE 1 MAXVALUE 9999999999999999999999999999 INCREMENT BY 1 START WITH 21 CACHE 20 NOORDER  NOCYCLE  NOKEEP  NOSCALE  GLOBAL ;
--------------------------------------------------------
--  DDL for Sequence ID_INVENTARIO_SEQ
--------------------------------------------------------

   CREATE SEQUENCE  "FIDE_ROPASCLARAS"."ID_INVENTARIO_SEQ"  MINVALUE 1 MAXVALUE 9999999999999999999999999999 INCREMENT BY 1 START WITH 41 CACHE 20 NOORDER  NOCYCLE  NOKEEP  NOSCALE  GLOBAL ;
--------------------------------------------------------
--  DDL for Sequence ID_METODO_PAGO_SEQ
--------------------------------------------------------

   CREATE SEQUENCE  "FIDE_ROPASCLARAS"."ID_METODO_PAGO_SEQ"  MINVALUE 1 MAXVALUE 9999999999999999999999999999 INCREMENT BY 1 START WITH 1 CACHE 20 NOORDER  NOCYCLE  NOKEEP  NOSCALE  GLOBAL ;
--------------------------------------------------------
--  DDL for Sequence ID_PAIS_SEQ
--------------------------------------------------------

   CREATE SEQUENCE  "FIDE_ROPASCLARAS"."ID_PAIS_SEQ"  MINVALUE 1 MAXVALUE 9999999999999999999999999999 INCREMENT BY 1 START WITH 41 CACHE 20 NOORDER  NOCYCLE  NOKEEP  NOSCALE  GLOBAL ;
--------------------------------------------------------
--  DDL for Sequence ID_PROVEEDORES_SEQ
--------------------------------------------------------

   CREATE SEQUENCE  "FIDE_ROPASCLARAS"."ID_PROVEEDORES_SEQ"  MINVALUE 1 MAXVALUE 9999999999999999999999999999 INCREMENT BY 1 START WITH 41 CACHE 20 NOORDER  NOCYCLE  NOKEEP  NOSCALE  GLOBAL ;
--------------------------------------------------------
--  DDL for Sequence ID_PROVINCIA_SEQ
--------------------------------------------------------

   CREATE SEQUENCE  "FIDE_ROPASCLARAS"."ID_PROVINCIA_SEQ"  MINVALUE 1 MAXVALUE 9999999999999999999999999999 INCREMENT BY 1 START WITH 21 CACHE 20 NOORDER  NOCYCLE  NOKEEP  NOSCALE  GLOBAL ;
--------------------------------------------------------
--  DDL for Table FIDE_CANTON_TB
--------------------------------------------------------

  CREATE TABLE "FIDE_ROPASCLARAS"."FIDE_CANTON_TB" 
   (	"ID_CANTON" NUMBER, 
	"NOMBRE" VARCHAR2(100 BYTE), 
	"CREADO_POR" VARCHAR2(100 BYTE), 
	"FECHA_CREACION" TIMESTAMP (6), 
	"MODIFICADO_POR" VARCHAR2(100 BYTE), 
	"FECHA_MODIFICACION" TIMESTAMP (6), 
	"ESTADO" VARCHAR2(10 BYTE), 
	"ACCION" VARCHAR2(100 BYTE)
   ) SEGMENT CREATION IMMEDIATE 
  PCTFREE 10 PCTUSED 40 INITRANS 1 MAXTRANS 255 
 NOCOMPRESS LOGGING
  STORAGE(INITIAL 65536 NEXT 1048576 MINEXTENTS 1 MAXEXTENTS 2147483645
  PCTINCREASE 0 FREELISTS 1 FREELIST GROUPS 1
  BUFFER_POOL DEFAULT FLASH_CACHE DEFAULT CELL_FLASH_CACHE DEFAULT)
  TABLESPACE "FIDE_ROPASCLARAS_FINAL_TBS" ;
--------------------------------------------------------
--  DDL for Table FIDE_CARRITO_TB
--------------------------------------------------------

  CREATE TABLE "FIDE_ROPASCLARAS"."FIDE_CARRITO_TB" 
   (	"ID_CARRITO" NUMBER, 
	"PRODUCTO_ID" NUMBER, 
	"CANTIDAD" NUMBER, 
	"SUBTOTAL" NUMBER, 
	"ESTADO_ID" NUMBER, 
	"CLIENTE_ID" NUMBER, 
	"CREADO_POR" VARCHAR2(100 BYTE), 
	"FECHA_CREACION" TIMESTAMP (6), 
	"MODIFICADO_POR" VARCHAR2(100 BYTE), 
	"FECHA_MODIFICACION" TIMESTAMP (6), 
	"ESTADO" VARCHAR2(10 BYTE), 
	"ACCION" VARCHAR2(100 BYTE)
   ) SEGMENT CREATION IMMEDIATE 
  PCTFREE 10 PCTUSED 40 INITRANS 1 MAXTRANS 255 
 NOCOMPRESS LOGGING
  STORAGE(INITIAL 65536 NEXT 1048576 MINEXTENTS 1 MAXEXTENTS 2147483645
  PCTINCREASE 0 FREELISTS 1 FREELIST GROUPS 1
  BUFFER_POOL DEFAULT FLASH_CACHE DEFAULT CELL_FLASH_CACHE DEFAULT)
  TABLESPACE "FIDE_ROPASCLARAS_FINAL_TBS" ;
--------------------------------------------------------
--  DDL for Table FIDE_CARRITO_TEMP_TB
--------------------------------------------------------

  CREATE TABLE "FIDE_ROPASCLARAS"."FIDE_CARRITO_TEMP_TB" 
   (	"ID_CARRITO_TEMP" NUMBER, 
	"PRODUCTO_ID" NUMBER, 
	"CANTIDAD" NUMBER, 
	"SUBTOTAL" NUMBER, 
	"ESTADO_ID" NUMBER, 
	"CLIENTE_ID" NUMBER, 
	"CREADO_POR" VARCHAR2(100 BYTE), 
	"FECHA_CREACION" TIMESTAMP (6), 
	"MODIFICADO_POR" VARCHAR2(100 BYTE), 
	"FECHA_MODIFICACION" TIMESTAMP (6), 
	"ESTADO" VARCHAR2(10 BYTE), 
	"ACCION" VARCHAR2(100 BYTE)
   ) SEGMENT CREATION DEFERRED 
  PCTFREE 10 PCTUSED 40 INITRANS 1 MAXTRANS 255 
 NOCOMPRESS LOGGING
  TABLESPACE "FIDE_ROPASCLARAS_FINAL_TBS" ;
--------------------------------------------------------
--  DDL for Table FIDE_CLIENTES_TB
--------------------------------------------------------

  CREATE TABLE "FIDE_ROPASCLARAS"."FIDE_CLIENTES_TB" 
   (	"ID_CLIENTE" NUMBER, 
	"NOMBRE" VARCHAR2(100 BYTE), 
	"TELEFONO" VARCHAR2(15 BYTE), 
	"CEDULA" NUMBER, 
	"CORREO" VARCHAR2(50 BYTE), 
	"PAIS" NUMBER, 
	"PROVINCIA" NUMBER, 
	"CANTON" NUMBER, 
	"DISTRITO" NUMBER, 
	"FOTO" BLOB, 
	"ESTADO_ID" NUMBER, 
	"CREADO_POR" VARCHAR2(100 BYTE), 
	"FECHA_CREACION" TIMESTAMP (6), 
	"MODIFICADO_POR" VARCHAR2(100 BYTE), 
	"FECHA_MODIFICACION" TIMESTAMP (6), 
	"ESTADO" VARCHAR2(10 BYTE), 
	"ACCION" VARCHAR2(100 BYTE)
   ) SEGMENT CREATION IMMEDIATE 
  PCTFREE 10 PCTUSED 40 INITRANS 1 MAXTRANS 255 
 NOCOMPRESS LOGGING
  STORAGE(INITIAL 65536 NEXT 1048576 MINEXTENTS 1 MAXEXTENTS 2147483645
  PCTINCREASE 0 FREELISTS 1 FREELIST GROUPS 1
  BUFFER_POOL DEFAULT FLASH_CACHE DEFAULT CELL_FLASH_CACHE DEFAULT)
  TABLESPACE "FIDE_ROPASCLARAS_FINAL_TBS" 
 LOB ("FOTO") STORE AS SECUREFILE (
  TABLESPACE "FIDE_ROPASCLARAS_FINAL_TBS" ENABLE STORAGE IN ROW CHUNK 8192
  NOCACHE LOGGING  NOCOMPRESS  KEEP_DUPLICATES 
  STORAGE(INITIAL 106496 NEXT 1048576 MINEXTENTS 1 MAXEXTENTS 2147483645
  PCTINCREASE 0
  BUFFER_POOL DEFAULT FLASH_CACHE DEFAULT CELL_FLASH_CACHE DEFAULT)) ;
--------------------------------------------------------
--  DDL for Table FIDE_DISTRITO_TB
--------------------------------------------------------

  CREATE TABLE "FIDE_ROPASCLARAS"."FIDE_DISTRITO_TB" 
   (	"ID_DISTRITO" NUMBER, 
	"NOMBRE" VARCHAR2(100 BYTE), 
	"CREADO_POR" VARCHAR2(100 BYTE), 
	"FECHA_CREACION" TIMESTAMP (6), 
	"MODIFICADO_POR" VARCHAR2(100 BYTE), 
	"FECHA_MODIFICACION" TIMESTAMP (6), 
	"ESTADO" VARCHAR2(10 BYTE), 
	"ACCION" VARCHAR2(100 BYTE)
   ) SEGMENT CREATION IMMEDIATE 
  PCTFREE 10 PCTUSED 40 INITRANS 1 MAXTRANS 255 
 NOCOMPRESS LOGGING
  STORAGE(INITIAL 65536 NEXT 1048576 MINEXTENTS 1 MAXEXTENTS 2147483645
  PCTINCREASE 0 FREELISTS 1 FREELIST GROUPS 1
  BUFFER_POOL DEFAULT FLASH_CACHE DEFAULT CELL_FLASH_CACHE DEFAULT)
  TABLESPACE "FIDE_ROPASCLARAS_FINAL_TBS" ;
--------------------------------------------------------
--  DDL for Table FIDE_EMPRESA_ENVIOS_TB
--------------------------------------------------------

  CREATE TABLE "FIDE_ROPASCLARAS"."FIDE_EMPRESA_ENVIOS_TB" 
   (	"ID_MENSAJERO" NUMBER, 
	"EMPRESA" VARCHAR2(100 BYTE), 
	"PRECIO" NUMBER, 
	"ESTADO_ID" NUMBER, 
	"CREADO_POR" VARCHAR2(100 BYTE), 
	"FECHA_CREACION" TIMESTAMP (6), 
	"MODIFICADO_POR" VARCHAR2(100 BYTE), 
	"FECHA_MODIFICACION" TIMESTAMP (6), 
	"ESTADO" VARCHAR2(10 BYTE), 
	"ACCION" VARCHAR2(100 BYTE)
   ) SEGMENT CREATION DEFERRED 
  PCTFREE 10 PCTUSED 40 INITRANS 1 MAXTRANS 255 
 NOCOMPRESS LOGGING
  TABLESPACE "FIDE_ROPASCLARAS_FINAL_TBS" ;
--------------------------------------------------------
--  DDL for Table FIDE_ENVIOS_TB
--------------------------------------------------------

  CREATE TABLE "FIDE_ROPASCLARAS"."FIDE_ENVIOS_TB" 
   (	"ID_ENVIOS" NUMBER, 
	"CLIENTE_ID" NUMBER, 
	"PRODUCTO_ID" NUMBER, 
	"EMPRESA_ID" NUMBER, 
	"ESTADO_ID" NUMBER, 
	"CREADO_POR" VARCHAR2(100 BYTE), 
	"FECHA_CREACION" TIMESTAMP (6), 
	"MODIFICADO_POR" VARCHAR2(100 BYTE), 
	"FECHA_MODIFICACION" TIMESTAMP (6), 
	"ESTADO" VARCHAR2(10 BYTE), 
	"ACCION" VARCHAR2(100 BYTE)
   ) SEGMENT CREATION DEFERRED 
  PCTFREE 10 PCTUSED 40 INITRANS 1 MAXTRANS 255 
 NOCOMPRESS LOGGING
  TABLESPACE "FIDE_ROPASCLARAS_FINAL_TBS" ;
--------------------------------------------------------
--  DDL for Table FIDE_ESTADO_TB
--------------------------------------------------------

  CREATE TABLE "FIDE_ROPASCLARAS"."FIDE_ESTADO_TB" 
   (	"ID_ESTADO" NUMBER, 
	"NOMBRE_ESTADO" VARCHAR2(100 BYTE), 
	"CREADO_POR" VARCHAR2(100 BYTE), 
	"FECHA_CREACION" TIMESTAMP (6), 
	"MODIFICADO_POR" VARCHAR2(100 BYTE), 
	"FECHA_MODIFICACION" TIMESTAMP (6), 
	"ESTADO" VARCHAR2(10 BYTE), 
	"ACCION" VARCHAR2(100 BYTE)
   ) SEGMENT CREATION IMMEDIATE 
  PCTFREE 10 PCTUSED 40 INITRANS 1 MAXTRANS 255 
 NOCOMPRESS LOGGING
  STORAGE(INITIAL 65536 NEXT 1048576 MINEXTENTS 1 MAXEXTENTS 2147483645
  PCTINCREASE 0 FREELISTS 1 FREELIST GROUPS 1
  BUFFER_POOL DEFAULT FLASH_CACHE DEFAULT CELL_FLASH_CACHE DEFAULT)
  TABLESPACE "FIDE_ROPASCLARAS_FINAL_TBS" ;
--------------------------------------------------------
--  DDL for Table FIDE_FACTURA_TB
--------------------------------------------------------

  CREATE TABLE "FIDE_ROPASCLARAS"."FIDE_FACTURA_TB" 
   (	"ID_FACTURA" NUMBER, 
	"CLIENTE_ID" NUMBER, 
	"METODO_ID" NUMBER, 
	"DETALLE" VARCHAR2(500 BYTE), 
	"TOTALDELINEAS" NUMBER, 
	"TOTAL" NUMBER, 
	"SUBTOTAL" NUMBER, 
	"IVA" NUMBER, 
	"COSTO_ENVIO" NUMBER, 
	"ESTADO_ID" NUMBER, 
	"CARRITO_ID" NUMBER, 
	"CREADO_POR" VARCHAR2(100 BYTE), 
	"FECHA_CREACION" TIMESTAMP (6), 
	"MODIFICADO_POR" VARCHAR2(100 BYTE), 
	"FECHA_MODIFICACION" TIMESTAMP (6), 
	"ESTADO" VARCHAR2(10 BYTE), 
	"ACCION" VARCHAR2(100 BYTE)
   ) SEGMENT CREATION DEFERRED 
  PCTFREE 10 PCTUSED 40 INITRANS 1 MAXTRANS 255 
 NOCOMPRESS LOGGING
  TABLESPACE "FIDE_ROPASCLARAS_FINAL_TBS" ;
--------------------------------------------------------
--  DDL for Table FIDE_FEEDBACK_TB
--------------------------------------------------------

  CREATE TABLE "FIDE_ROPASCLARAS"."FIDE_FEEDBACK_TB" 
   (	"ID_FEEDBACK" NUMBER, 
	"CLIENTE_ID" NUMBER, 
	"COMENTARIO" VARCHAR2(500 BYTE), 
	"ESTADO_ID" NUMBER, 
	"CREADO_POR" VARCHAR2(100 BYTE), 
	"FECHA_CREACION" TIMESTAMP (6), 
	"MODIFICADO_POR" VARCHAR2(100 BYTE), 
	"FECHA_MODIFICACION" TIMESTAMP (6), 
	"ESTADO" VARCHAR2(10 BYTE), 
	"ACCION" VARCHAR2(100 BYTE)
   ) SEGMENT CREATION IMMEDIATE 
  PCTFREE 10 PCTUSED 40 INITRANS 1 MAXTRANS 255 
 NOCOMPRESS LOGGING
  STORAGE(INITIAL 65536 NEXT 1048576 MINEXTENTS 1 MAXEXTENTS 2147483645
  PCTINCREASE 0 FREELISTS 1 FREELIST GROUPS 1
  BUFFER_POOL DEFAULT FLASH_CACHE DEFAULT CELL_FLASH_CACHE DEFAULT)
  TABLESPACE "FIDE_ROPASCLARAS_FINAL_TBS" ;
--------------------------------------------------------
--  DDL for Table FIDE_INVENTARIO_TB
--------------------------------------------------------

  CREATE TABLE "FIDE_ROPASCLARAS"."FIDE_INVENTARIO_TB" 
   (	"ID_PRODUCTO" NUMBER, 
	"NOMBRE" VARCHAR2(100 BYTE), 
	"IMAGEN" BLOB, 
	"PRECIO" NUMBER, 
	"DETALLE" VARCHAR2(250 BYTE), 
	"CANTIDAD" NUMBER, 
	"CATEGORIA" VARCHAR2(50 BYTE), 
	"PROVEEDOR_ID" NUMBER, 
	"ESTADO_ID" NUMBER, 
	"FECHA_ENTRADA" DATE, 
	"CREADO_POR" VARCHAR2(100 BYTE), 
	"FECHA_CREACION" TIMESTAMP (6), 
	"MODIFICADO_POR" VARCHAR2(100 BYTE), 
	"FECHA_MODIFICACION" TIMESTAMP (6), 
	"ESTADO" VARCHAR2(10 BYTE), 
	"ACCION" VARCHAR2(100 BYTE)
   ) SEGMENT CREATION IMMEDIATE 
  PCTFREE 10 PCTUSED 40 INITRANS 1 MAXTRANS 255 
 NOCOMPRESS LOGGING
  STORAGE(INITIAL 65536 NEXT 1048576 MINEXTENTS 1 MAXEXTENTS 2147483645
  PCTINCREASE 0 FREELISTS 1 FREELIST GROUPS 1
  BUFFER_POOL DEFAULT FLASH_CACHE DEFAULT CELL_FLASH_CACHE DEFAULT)
  TABLESPACE "FIDE_ROPASCLARAS_FINAL_TBS" 
 LOB ("IMAGEN") STORE AS SECUREFILE (
  TABLESPACE "FIDE_ROPASCLARAS_FINAL_TBS" ENABLE STORAGE IN ROW CHUNK 8192
  NOCACHE LOGGING  NOCOMPRESS  KEEP_DUPLICATES 
  STORAGE(INITIAL 106496 NEXT 1048576 MINEXTENTS 1 MAXEXTENTS 2147483645
  PCTINCREASE 0
  BUFFER_POOL DEFAULT FLASH_CACHE DEFAULT CELL_FLASH_CACHE DEFAULT)) ;
--------------------------------------------------------
--  DDL for Table FIDE_METODO_PAGO_TB
--------------------------------------------------------

  CREATE TABLE "FIDE_ROPASCLARAS"."FIDE_METODO_PAGO_TB" 
   (	"ID_METODO" NUMBER, 
	"DESCRIPCION" VARCHAR2(100 BYTE), 
	"ESTADO_ID" NUMBER, 
	"CREADO_POR" VARCHAR2(100 BYTE), 
	"FECHA_CREACION" TIMESTAMP (6), 
	"MODIFICADO_POR" VARCHAR2(100 BYTE), 
	"FECHA_MODIFICACION" TIMESTAMP (6), 
	"ESTADO" VARCHAR2(10 BYTE), 
	"ACCION" VARCHAR2(100 BYTE)
   ) SEGMENT CREATION DEFERRED 
  PCTFREE 10 PCTUSED 40 INITRANS 1 MAXTRANS 255 
 NOCOMPRESS LOGGING
  TABLESPACE "FIDE_ROPASCLARAS_FINAL_TBS" ;
--------------------------------------------------------
--  DDL for Table FIDE_PAIS_TB
--------------------------------------------------------

  CREATE TABLE "FIDE_ROPASCLARAS"."FIDE_PAIS_TB" 
   (	"ID_PAIS" NUMBER, 
	"NOMBRE" VARCHAR2(100 BYTE), 
	"CREADO_POR" VARCHAR2(100 BYTE), 
	"FECHA_CREACION" TIMESTAMP (6), 
	"MODIFICADO_POR" VARCHAR2(100 BYTE), 
	"FECHA_MODIFICACION" TIMESTAMP (6), 
	"ESTADO" VARCHAR2(10 BYTE), 
	"ACCION" VARCHAR2(100 BYTE)
   ) SEGMENT CREATION IMMEDIATE 
  PCTFREE 10 PCTUSED 40 INITRANS 1 MAXTRANS 255 
 NOCOMPRESS LOGGING
  STORAGE(INITIAL 65536 NEXT 1048576 MINEXTENTS 1 MAXEXTENTS 2147483645
  PCTINCREASE 0 FREELISTS 1 FREELIST GROUPS 1
  BUFFER_POOL DEFAULT FLASH_CACHE DEFAULT CELL_FLASH_CACHE DEFAULT)
  TABLESPACE "FIDE_ROPASCLARAS_FINAL_TBS" ;
--------------------------------------------------------
--  DDL for Table FIDE_PROVEEDORES_TB
--------------------------------------------------------

  CREATE TABLE "FIDE_ROPASCLARAS"."FIDE_PROVEEDORES_TB" 
   (	"ID_PROVEEDOR" NUMBER, 
	"NOMBRE" VARCHAR2(100 BYTE), 
	"DETALLES" VARCHAR2(250 BYTE), 
	"ESTADO_ID" NUMBER, 
	"CREADO_POR" VARCHAR2(100 BYTE), 
	"FECHA_CREACION" TIMESTAMP (6), 
	"MODIFICADO_POR" VARCHAR2(100 BYTE), 
	"FECHA_MODIFICACION" TIMESTAMP (6), 
	"ESTADO" VARCHAR2(10 BYTE), 
	"ACCION" VARCHAR2(100 BYTE)
   ) SEGMENT CREATION IMMEDIATE 
  PCTFREE 10 PCTUSED 40 INITRANS 1 MAXTRANS 255 
 NOCOMPRESS LOGGING
  STORAGE(INITIAL 65536 NEXT 1048576 MINEXTENTS 1 MAXEXTENTS 2147483645
  PCTINCREASE 0 FREELISTS 1 FREELIST GROUPS 1
  BUFFER_POOL DEFAULT FLASH_CACHE DEFAULT CELL_FLASH_CACHE DEFAULT)
  TABLESPACE "FIDE_ROPASCLARAS_FINAL_TBS" ;
--------------------------------------------------------
--  DDL for Table FIDE_PROVINCIA_TB
--------------------------------------------------------

  CREATE TABLE "FIDE_ROPASCLARAS"."FIDE_PROVINCIA_TB" 
   (	"ID_PROVINCIA" NUMBER, 
	"NOMBRE" VARCHAR2(100 BYTE), 
	"CREADO_POR" VARCHAR2(100 BYTE), 
	"FECHA_CREACION" TIMESTAMP (6), 
	"MODIFICADO_POR" VARCHAR2(100 BYTE), 
	"FECHA_MODIFICACION" TIMESTAMP (6), 
	"ESTADO" VARCHAR2(10 BYTE), 
	"ACCION" VARCHAR2(100 BYTE)
   ) SEGMENT CREATION IMMEDIATE 
  PCTFREE 10 PCTUSED 40 INITRANS 1 MAXTRANS 255 
 NOCOMPRESS LOGGING
  STORAGE(INITIAL 65536 NEXT 1048576 MINEXTENTS 1 MAXEXTENTS 2147483645
  PCTINCREASE 0 FREELISTS 1 FREELIST GROUPS 1
  BUFFER_POOL DEFAULT FLASH_CACHE DEFAULT CELL_FLASH_CACHE DEFAULT)
  TABLESPACE "FIDE_ROPASCLARAS_FINAL_TBS" ;
REM INSERTING into FIDE_ROPASCLARAS.FIDE_CANTON_TB
SET DEFINE OFF;
Insert into FIDE_ROPASCLARAS.FIDE_CANTON_TB (ID_CANTON,NOMBRE,CREADO_POR,FECHA_CREACION,MODIFICADO_POR,FECHA_MODIFICACION,ESTADO,ACCION) values (1,'Central','FIDE_ROPASCLARAS',to_timestamp('08-DEC-24 09.29.50.856000000 PM','DD-MON-RR HH.MI.SSXFF AM'),null,null,'A','INSERT');
Insert into FIDE_ROPASCLARAS.FIDE_CANTON_TB (ID_CANTON,NOMBRE,CREADO_POR,FECHA_CREACION,MODIFICADO_POR,FECHA_MODIFICACION,ESTADO,ACCION) values (2,'Desamparados','FIDE_ROPASCLARAS',to_timestamp('08-DEC-24 09.29.50.857000000 PM','DD-MON-RR HH.MI.SSXFF AM'),null,null,'A','INSERT');
Insert into FIDE_ROPASCLARAS.FIDE_CANTON_TB (ID_CANTON,NOMBRE,CREADO_POR,FECHA_CREACION,MODIFICADO_POR,FECHA_MODIFICACION,ESTADO,ACCION) values (3,'Escazú','FIDE_ROPASCLARAS',to_timestamp('08-DEC-24 09.29.50.858000000 PM','DD-MON-RR HH.MI.SSXFF AM'),null,null,'A','INSERT');
Insert into FIDE_ROPASCLARAS.FIDE_CANTON_TB (ID_CANTON,NOMBRE,CREADO_POR,FECHA_CREACION,MODIFICADO_POR,FECHA_MODIFICACION,ESTADO,ACCION) values (4,'Goicoechea','FIDE_ROPASCLARAS',to_timestamp('08-DEC-24 09.29.50.861000000 PM','DD-MON-RR HH.MI.SSXFF AM'),null,null,'A','INSERT');
Insert into FIDE_ROPASCLARAS.FIDE_CANTON_TB (ID_CANTON,NOMBRE,CREADO_POR,FECHA_CREACION,MODIFICADO_POR,FECHA_MODIFICACION,ESTADO,ACCION) values (5,'Moravia','FIDE_ROPASCLARAS',to_timestamp('08-DEC-24 09.29.50.873000000 PM','DD-MON-RR HH.MI.SSXFF AM'),null,null,'A','INSERT');
Insert into FIDE_ROPASCLARAS.FIDE_CANTON_TB (ID_CANTON,NOMBRE,CREADO_POR,FECHA_CREACION,MODIFICADO_POR,FECHA_MODIFICACION,ESTADO,ACCION) values (6,'Santa Ana','FIDE_ROPASCLARAS',to_timestamp('08-DEC-24 09.29.50.874000000 PM','DD-MON-RR HH.MI.SSXFF AM'),null,null,'A','INSERT');
Insert into FIDE_ROPASCLARAS.FIDE_CANTON_TB (ID_CANTON,NOMBRE,CREADO_POR,FECHA_CREACION,MODIFICADO_POR,FECHA_MODIFICACION,ESTADO,ACCION) values (7,'Curridabat','FIDE_ROPASCLARAS',to_timestamp('08-DEC-24 09.29.50.875000000 PM','DD-MON-RR HH.MI.SSXFF AM'),null,null,'A','INSERT');
Insert into FIDE_ROPASCLARAS.FIDE_CANTON_TB (ID_CANTON,NOMBRE,CREADO_POR,FECHA_CREACION,MODIFICADO_POR,FECHA_MODIFICACION,ESTADO,ACCION) values (8,'Tibás','FIDE_ROPASCLARAS',to_timestamp('08-DEC-24 09.29.50.876000000 PM','DD-MON-RR HH.MI.SSXFF AM'),null,null,'A','INSERT');
Insert into FIDE_ROPASCLARAS.FIDE_CANTON_TB (ID_CANTON,NOMBRE,CREADO_POR,FECHA_CREACION,MODIFICADO_POR,FECHA_MODIFICACION,ESTADO,ACCION) values (9,'Pérez Zeledón','FIDE_ROPASCLARAS',to_timestamp('08-DEC-24 09.29.50.877000000 PM','DD-MON-RR HH.MI.SSXFF AM'),null,null,'A','INSERT');
Insert into FIDE_ROPASCLARAS.FIDE_CANTON_TB (ID_CANTON,NOMBRE,CREADO_POR,FECHA_CREACION,MODIFICADO_POR,FECHA_MODIFICACION,ESTADO,ACCION) values (10,'Montes de Oca','FIDE_ROPASCLARAS',to_timestamp('08-DEC-24 09.29.50.877000000 PM','DD-MON-RR HH.MI.SSXFF AM'),null,null,'A','INSERT');
Insert into FIDE_ROPASCLARAS.FIDE_CANTON_TB (ID_CANTON,NOMBRE,CREADO_POR,FECHA_CREACION,MODIFICADO_POR,FECHA_MODIFICACION,ESTADO,ACCION) values (11,'Corredores','FIDE_ROPASCLARAS',to_timestamp('08-DEC-24 09.29.50.878000000 PM','DD-MON-RR HH.MI.SSXFF AM'),null,null,'A','INSERT');
Insert into FIDE_ROPASCLARAS.FIDE_CANTON_TB (ID_CANTON,NOMBRE,CREADO_POR,FECHA_CREACION,MODIFICADO_POR,FECHA_MODIFICACION,ESTADO,ACCION) values (12,'Tarrazú','FIDE_ROPASCLARAS',to_timestamp('08-DEC-24 09.29.50.879000000 PM','DD-MON-RR HH.MI.SSXFF AM'),null,null,'A','INSERT');
Insert into FIDE_ROPASCLARAS.FIDE_CANTON_TB (ID_CANTON,NOMBRE,CREADO_POR,FECHA_CREACION,MODIFICADO_POR,FECHA_MODIFICACION,ESTADO,ACCION) values (13,'Dota','FIDE_ROPASCLARAS',to_timestamp('08-DEC-24 09.29.50.879000000 PM','DD-MON-RR HH.MI.SSXFF AM'),null,null,'A','INSERT');
Insert into FIDE_ROPASCLARAS.FIDE_CANTON_TB (ID_CANTON,NOMBRE,CREADO_POR,FECHA_CREACION,MODIFICADO_POR,FECHA_MODIFICACION,ESTADO,ACCION) values (14,'Alajuelita','FIDE_ROPASCLARAS',to_timestamp('08-DEC-24 09.29.50.880000000 PM','DD-MON-RR HH.MI.SSXFF AM'),null,null,'A','INSERT');
Insert into FIDE_ROPASCLARAS.FIDE_CANTON_TB (ID_CANTON,NOMBRE,CREADO_POR,FECHA_CREACION,MODIFICADO_POR,FECHA_MODIFICACION,ESTADO,ACCION) values (15,'Acosta','FIDE_ROPASCLARAS',to_timestamp('08-DEC-24 09.29.50.881000000 PM','DD-MON-RR HH.MI.SSXFF AM'),null,null,'A','INSERT');
REM INSERTING into FIDE_ROPASCLARAS.FIDE_CARRITO_TB
SET DEFINE OFF;
REM INSERTING into FIDE_ROPASCLARAS.FIDE_CARRITO_TEMP_TB
SET DEFINE OFF;
REM INSERTING into FIDE_ROPASCLARAS.FIDE_CLIENTES_TB
SET DEFINE OFF;
Insert into FIDE_ROPASCLARAS.FIDE_CLIENTES_TB (ID_CLIENTE,NOMBRE,TELEFONO,CEDULA,CORREO,PAIS,PROVINCIA,CANTON,DISTRITO,ESTADO_ID,CREADO_POR,FECHA_CREACION,MODIFICADO_POR,FECHA_MODIFICACION,ESTADO,ACCION) values (1,'Juan Pérez','88888888',101010101,'juan.perez@example.com',1,1,1,1,1,'FIDE_ROPASCLARAS',to_timestamp('09-DEC-24 07.56.09.079000000 PM','DD-MON-RR HH.MI.SSXFF AM'),null,null,'A','INSERT');
Insert into FIDE_ROPASCLARAS.FIDE_CLIENTES_TB (ID_CLIENTE,NOMBRE,TELEFONO,CEDULA,CORREO,PAIS,PROVINCIA,CANTON,DISTRITO,ESTADO_ID,CREADO_POR,FECHA_CREACION,MODIFICADO_POR,FECHA_MODIFICACION,ESTADO,ACCION) values (2,'Ana Gómez','87778888',102020202,'ana.gomez@example.com',2,2,2,2,1,'FIDE_ROPASCLARAS',to_timestamp('09-DEC-24 07.56.09.081000000 PM','DD-MON-RR HH.MI.SSXFF AM'),null,null,'A','INSERT');
Insert into FIDE_ROPASCLARAS.FIDE_CLIENTES_TB (ID_CLIENTE,NOMBRE,TELEFONO,CEDULA,CORREO,PAIS,PROVINCIA,CANTON,DISTRITO,ESTADO_ID,CREADO_POR,FECHA_CREACION,MODIFICADO_POR,FECHA_MODIFICACION,ESTADO,ACCION) values (3,'Carlos Ramírez','86668888',103030303,'carlos.ramirez@example.com',3,3,3,3,1,'FIDE_ROPASCLARAS',to_timestamp('09-DEC-24 07.56.09.082000000 PM','DD-MON-RR HH.MI.SSXFF AM'),null,null,'A','INSERT');
Insert into FIDE_ROPASCLARAS.FIDE_CLIENTES_TB (ID_CLIENTE,NOMBRE,TELEFONO,CEDULA,CORREO,PAIS,PROVINCIA,CANTON,DISTRITO,ESTADO_ID,CREADO_POR,FECHA_CREACION,MODIFICADO_POR,FECHA_MODIFICACION,ESTADO,ACCION) values (4,'María Fernández','85558888',104040404,'maria.fernandez@example.com',1,2,1,2,1,'FIDE_ROPASCLARAS',to_timestamp('09-DEC-24 07.56.09.082000000 PM','DD-MON-RR HH.MI.SSXFF AM'),null,null,'A','INSERT');
Insert into FIDE_ROPASCLARAS.FIDE_CLIENTES_TB (ID_CLIENTE,NOMBRE,TELEFONO,CEDULA,CORREO,PAIS,PROVINCIA,CANTON,DISTRITO,ESTADO_ID,CREADO_POR,FECHA_CREACION,MODIFICADO_POR,FECHA_MODIFICACION,ESTADO,ACCION) values (5,'Luis Rodríguez','84448888',105050505,'luis.rodriguez@example.com',2,3,2,3,1,'FIDE_ROPASCLARAS',to_timestamp('09-DEC-24 07.56.09.083000000 PM','DD-MON-RR HH.MI.SSXFF AM'),null,null,'A','INSERT');
Insert into FIDE_ROPASCLARAS.FIDE_CLIENTES_TB (ID_CLIENTE,NOMBRE,TELEFONO,CEDULA,CORREO,PAIS,PROVINCIA,CANTON,DISTRITO,ESTADO_ID,CREADO_POR,FECHA_CREACION,MODIFICADO_POR,FECHA_MODIFICACION,ESTADO,ACCION) values (6,'Laura Solano','83338888',106060606,'laura.solano@example.com',3,1,3,1,1,'FIDE_ROPASCLARAS',to_timestamp('09-DEC-24 07.56.09.083000000 PM','DD-MON-RR HH.MI.SSXFF AM'),null,null,'A','INSERT');
Insert into FIDE_ROPASCLARAS.FIDE_CLIENTES_TB (ID_CLIENTE,NOMBRE,TELEFONO,CEDULA,CORREO,PAIS,PROVINCIA,CANTON,DISTRITO,ESTADO_ID,CREADO_POR,FECHA_CREACION,MODIFICADO_POR,FECHA_MODIFICACION,ESTADO,ACCION) values (7,'Pedro Chaves','82228888',107070707,'pedro.chaves@example.com',1,3,2,3,1,'FIDE_ROPASCLARAS',to_timestamp('09-DEC-24 07.56.09.083000000 PM','DD-MON-RR HH.MI.SSXFF AM'),null,null,'A','INSERT');
Insert into FIDE_ROPASCLARAS.FIDE_CLIENTES_TB (ID_CLIENTE,NOMBRE,TELEFONO,CEDULA,CORREO,PAIS,PROVINCIA,CANTON,DISTRITO,ESTADO_ID,CREADO_POR,FECHA_CREACION,MODIFICADO_POR,FECHA_MODIFICACION,ESTADO,ACCION) values (8,'Sofía Morales','81118888',108080808,'sofia.morales@example.com',2,1,1,1,1,'FIDE_ROPASCLARAS',to_timestamp('09-DEC-24 07.56.09.084000000 PM','DD-MON-RR HH.MI.SSXFF AM'),null,null,'A','INSERT');
Insert into FIDE_ROPASCLARAS.FIDE_CLIENTES_TB (ID_CLIENTE,NOMBRE,TELEFONO,CEDULA,CORREO,PAIS,PROVINCIA,CANTON,DISTRITO,ESTADO_ID,CREADO_POR,FECHA_CREACION,MODIFICADO_POR,FECHA_MODIFICACION,ESTADO,ACCION) values (9,'Diego Vargas','80008888',109090909,'diego.vargas@example.com',3,2,2,2,1,'FIDE_ROPASCLARAS',to_timestamp('09-DEC-24 07.56.09.084000000 PM','DD-MON-RR HH.MI.SSXFF AM'),null,null,'A','INSERT');
Insert into FIDE_ROPASCLARAS.FIDE_CLIENTES_TB (ID_CLIENTE,NOMBRE,TELEFONO,CEDULA,CORREO,PAIS,PROVINCIA,CANTON,DISTRITO,ESTADO_ID,CREADO_POR,FECHA_CREACION,MODIFICADO_POR,FECHA_MODIFICACION,ESTADO,ACCION) values (10,'Carolina Castro','79998888',110101010,'carolina.castro@example.com',1,1,3,3,1,'FIDE_ROPASCLARAS',to_timestamp('09-DEC-24 07.56.09.085000000 PM','DD-MON-RR HH.MI.SSXFF AM'),null,null,'A','INSERT');
Insert into FIDE_ROPASCLARAS.FIDE_CLIENTES_TB (ID_CLIENTE,NOMBRE,TELEFONO,CEDULA,CORREO,PAIS,PROVINCIA,CANTON,DISTRITO,ESTADO_ID,CREADO_POR,FECHA_CREACION,MODIFICADO_POR,FECHA_MODIFICACION,ESTADO,ACCION) values (11,'Andrea Campos','78888888',111111111,'andrea.campos@example.com',2,3,1,2,1,'FIDE_ROPASCLARAS',to_timestamp('09-DEC-24 07.56.09.086000000 PM','DD-MON-RR HH.MI.SSXFF AM'),null,null,'A','INSERT');
Insert into FIDE_ROPASCLARAS.FIDE_CLIENTES_TB (ID_CLIENTE,NOMBRE,TELEFONO,CEDULA,CORREO,PAIS,PROVINCIA,CANTON,DISTRITO,ESTADO_ID,CREADO_POR,FECHA_CREACION,MODIFICADO_POR,FECHA_MODIFICACION,ESTADO,ACCION) values (12,'David Alvarado','77778888',112121212,'david.alvarado@example.com',3,2,2,1,1,'FIDE_ROPASCLARAS',to_timestamp('09-DEC-24 07.56.09.086000000 PM','DD-MON-RR HH.MI.SSXFF AM'),null,null,'A','INSERT');
Insert into FIDE_ROPASCLARAS.FIDE_CLIENTES_TB (ID_CLIENTE,NOMBRE,TELEFONO,CEDULA,CORREO,PAIS,PROVINCIA,CANTON,DISTRITO,ESTADO_ID,CREADO_POR,FECHA_CREACION,MODIFICADO_POR,FECHA_MODIFICACION,ESTADO,ACCION) values (13,'Mónica Gutiérrez','76668888',113131313,'monica.gutierrez@example.com',1,3,3,2,1,'FIDE_ROPASCLARAS',to_timestamp('09-DEC-24 07.56.09.087000000 PM','DD-MON-RR HH.MI.SSXFF AM'),null,null,'A','INSERT');
Insert into FIDE_ROPASCLARAS.FIDE_CLIENTES_TB (ID_CLIENTE,NOMBRE,TELEFONO,CEDULA,CORREO,PAIS,PROVINCIA,CANTON,DISTRITO,ESTADO_ID,CREADO_POR,FECHA_CREACION,MODIFICADO_POR,FECHA_MODIFICACION,ESTADO,ACCION) values (14,'Felipe Salazar','75558888',114141414,'felipe.salazar@example.com',2,2,1,1,1,'FIDE_ROPASCLARAS',to_timestamp('09-DEC-24 07.56.09.087000000 PM','DD-MON-RR HH.MI.SSXFF AM'),null,null,'A','INSERT');
Insert into FIDE_ROPASCLARAS.FIDE_CLIENTES_TB (ID_CLIENTE,NOMBRE,TELEFONO,CEDULA,CORREO,PAIS,PROVINCIA,CANTON,DISTRITO,ESTADO_ID,CREADO_POR,FECHA_CREACION,MODIFICADO_POR,FECHA_MODIFICACION,ESTADO,ACCION) values (15,'Gabriela Soto','74448888',115151515,'gabriela.soto@example.com',3,1,2,3,1,'FIDE_ROPASCLARAS',to_timestamp('09-DEC-24 07.56.09.087000000 PM','DD-MON-RR HH.MI.SSXFF AM'),null,null,'A','INSERT');
REM INSERTING into FIDE_ROPASCLARAS.FIDE_DISTRITO_TB
SET DEFINE OFF;
Insert into FIDE_ROPASCLARAS.FIDE_DISTRITO_TB (ID_DISTRITO,NOMBRE,CREADO_POR,FECHA_CREACION,MODIFICADO_POR,FECHA_MODIFICACION,ESTADO,ACCION) values (1,'Carmen','FIDE_ROPASCLARAS',to_timestamp('08-DEC-24 09.30.47.953000000 PM','DD-MON-RR HH.MI.SSXFF AM'),null,null,'A','INSERT');
Insert into FIDE_ROPASCLARAS.FIDE_DISTRITO_TB (ID_DISTRITO,NOMBRE,CREADO_POR,FECHA_CREACION,MODIFICADO_POR,FECHA_MODIFICACION,ESTADO,ACCION) values (2,'Merced','FIDE_ROPASCLARAS',to_timestamp('08-DEC-24 09.30.47.954000000 PM','DD-MON-RR HH.MI.SSXFF AM'),null,null,'A','INSERT');
Insert into FIDE_ROPASCLARAS.FIDE_DISTRITO_TB (ID_DISTRITO,NOMBRE,CREADO_POR,FECHA_CREACION,MODIFICADO_POR,FECHA_MODIFICACION,ESTADO,ACCION) values (3,'Hospital','FIDE_ROPASCLARAS',to_timestamp('08-DEC-24 09.30.47.954000000 PM','DD-MON-RR HH.MI.SSXFF AM'),null,null,'A','INSERT');
Insert into FIDE_ROPASCLARAS.FIDE_DISTRITO_TB (ID_DISTRITO,NOMBRE,CREADO_POR,FECHA_CREACION,MODIFICADO_POR,FECHA_MODIFICACION,ESTADO,ACCION) values (4,'Catedral','FIDE_ROPASCLARAS',to_timestamp('08-DEC-24 09.30.47.955000000 PM','DD-MON-RR HH.MI.SSXFF AM'),null,null,'A','INSERT');
Insert into FIDE_ROPASCLARAS.FIDE_DISTRITO_TB (ID_DISTRITO,NOMBRE,CREADO_POR,FECHA_CREACION,MODIFICADO_POR,FECHA_MODIFICACION,ESTADO,ACCION) values (5,'Zapote','FIDE_ROPASCLARAS',to_timestamp('08-DEC-24 09.30.47.955000000 PM','DD-MON-RR HH.MI.SSXFF AM'),null,null,'A','INSERT');
Insert into FIDE_ROPASCLARAS.FIDE_DISTRITO_TB (ID_DISTRITO,NOMBRE,CREADO_POR,FECHA_CREACION,MODIFICADO_POR,FECHA_MODIFICACION,ESTADO,ACCION) values (6,'San Francisco','FIDE_ROPASCLARAS',to_timestamp('08-DEC-24 09.30.47.955000000 PM','DD-MON-RR HH.MI.SSXFF AM'),null,null,'A','INSERT');
Insert into FIDE_ROPASCLARAS.FIDE_DISTRITO_TB (ID_DISTRITO,NOMBRE,CREADO_POR,FECHA_CREACION,MODIFICADO_POR,FECHA_MODIFICACION,ESTADO,ACCION) values (7,'Pavas','FIDE_ROPASCLARAS',to_timestamp('08-DEC-24 09.30.47.955000000 PM','DD-MON-RR HH.MI.SSXFF AM'),null,null,'A','INSERT');
Insert into FIDE_ROPASCLARAS.FIDE_DISTRITO_TB (ID_DISTRITO,NOMBRE,CREADO_POR,FECHA_CREACION,MODIFICADO_POR,FECHA_MODIFICACION,ESTADO,ACCION) values (8,'Hatillo','FIDE_ROPASCLARAS',to_timestamp('08-DEC-24 09.30.47.956000000 PM','DD-MON-RR HH.MI.SSXFF AM'),null,null,'A','INSERT');
Insert into FIDE_ROPASCLARAS.FIDE_DISTRITO_TB (ID_DISTRITO,NOMBRE,CREADO_POR,FECHA_CREACION,MODIFICADO_POR,FECHA_MODIFICACION,ESTADO,ACCION) values (9,'Uruca','FIDE_ROPASCLARAS',to_timestamp('08-DEC-24 09.30.47.957000000 PM','DD-MON-RR HH.MI.SSXFF AM'),null,null,'A','INSERT');
Insert into FIDE_ROPASCLARAS.FIDE_DISTRITO_TB (ID_DISTRITO,NOMBRE,CREADO_POR,FECHA_CREACION,MODIFICADO_POR,FECHA_MODIFICACION,ESTADO,ACCION) values (10,'Mata Redonda','FIDE_ROPASCLARAS',to_timestamp('08-DEC-24 09.30.47.957000000 PM','DD-MON-RR HH.MI.SSXFF AM'),null,null,'A','INSERT');
Insert into FIDE_ROPASCLARAS.FIDE_DISTRITO_TB (ID_DISTRITO,NOMBRE,CREADO_POR,FECHA_CREACION,MODIFICADO_POR,FECHA_MODIFICACION,ESTADO,ACCION) values (11,'San Sebastián','FIDE_ROPASCLARAS',to_timestamp('08-DEC-24 09.30.47.957000000 PM','DD-MON-RR HH.MI.SSXFF AM'),null,null,'A','INSERT');
Insert into FIDE_ROPASCLARAS.FIDE_DISTRITO_TB (ID_DISTRITO,NOMBRE,CREADO_POR,FECHA_CREACION,MODIFICADO_POR,FECHA_MODIFICACION,ESTADO,ACCION) values (12,'San Antonio','FIDE_ROPASCLARAS',to_timestamp('08-DEC-24 09.30.47.957000000 PM','DD-MON-RR HH.MI.SSXFF AM'),null,null,'A','INSERT');
Insert into FIDE_ROPASCLARAS.FIDE_DISTRITO_TB (ID_DISTRITO,NOMBRE,CREADO_POR,FECHA_CREACION,MODIFICADO_POR,FECHA_MODIFICACION,ESTADO,ACCION) values (13,'Río Segundo','FIDE_ROPASCLARAS',to_timestamp('08-DEC-24 09.30.47.957000000 PM','DD-MON-RR HH.MI.SSXFF AM'),null,null,'A','INSERT');
Insert into FIDE_ROPASCLARAS.FIDE_DISTRITO_TB (ID_DISTRITO,NOMBRE,CREADO_POR,FECHA_CREACION,MODIFICADO_POR,FECHA_MODIFICACION,ESTADO,ACCION) values (14,'San Rafael','FIDE_ROPASCLARAS',to_timestamp('08-DEC-24 09.30.47.958000000 PM','DD-MON-RR HH.MI.SSXFF AM'),null,null,'A','INSERT');
Insert into FIDE_ROPASCLARAS.FIDE_DISTRITO_TB (ID_DISTRITO,NOMBRE,CREADO_POR,FECHA_CREACION,MODIFICADO_POR,FECHA_MODIFICACION,ESTADO,ACCION) values (15,'San Joaquín','FIDE_ROPASCLARAS',to_timestamp('08-DEC-24 09.30.47.958000000 PM','DD-MON-RR HH.MI.SSXFF AM'),null,null,'A','INSERT');
REM INSERTING into FIDE_ROPASCLARAS.FIDE_EMPRESA_ENVIOS_TB
SET DEFINE OFF;
REM INSERTING into FIDE_ROPASCLARAS.FIDE_ENVIOS_TB
SET DEFINE OFF;
REM INSERTING into FIDE_ROPASCLARAS.FIDE_ESTADO_TB
SET DEFINE OFF;
Insert into FIDE_ROPASCLARAS.FIDE_ESTADO_TB (ID_ESTADO,NOMBRE_ESTADO,CREADO_POR,FECHA_CREACION,MODIFICADO_POR,FECHA_MODIFICACION,ESTADO,ACCION) values (1,'Activo','FIDE_ROPASCLARAS',to_timestamp('08-DEC-24 09.39.56.177000000 PM','DD-MON-RR HH.MI.SSXFF AM'),null,null,'A','INSERT');
Insert into FIDE_ROPASCLARAS.FIDE_ESTADO_TB (ID_ESTADO,NOMBRE_ESTADO,CREADO_POR,FECHA_CREACION,MODIFICADO_POR,FECHA_MODIFICACION,ESTADO,ACCION) values (2,'Inactivo','FIDE_ROPASCLARAS',to_timestamp('08-DEC-24 09.39.56.178000000 PM','DD-MON-RR HH.MI.SSXFF AM'),null,null,'A','INSERT');
REM INSERTING into FIDE_ROPASCLARAS.FIDE_FACTURA_TB
SET DEFINE OFF;
REM INSERTING into FIDE_ROPASCLARAS.FIDE_FEEDBACK_TB
SET DEFINE OFF;
Insert into FIDE_ROPASCLARAS.FIDE_FEEDBACK_TB (ID_FEEDBACK,CLIENTE_ID,COMENTARIO,ESTADO_ID,CREADO_POR,FECHA_CREACION,MODIFICADO_POR,FECHA_MODIFICACION,ESTADO,ACCION) values (1,1,'Excelente servicio y productos.',1,'FIDE_ROPASCLARAS',to_timestamp('09-DEC-24 08.24.38.378000000 PM','DD-MON-RR HH.MI.SSXFF AM'),null,null,'A','INSERT');
Insert into FIDE_ROPASCLARAS.FIDE_FEEDBACK_TB (ID_FEEDBACK,CLIENTE_ID,COMENTARIO,ESTADO_ID,CREADO_POR,FECHA_CREACION,MODIFICADO_POR,FECHA_MODIFICACION,ESTADO,ACCION) values (2,2,'Los productos llegaron rápido.',1,'FIDE_ROPASCLARAS',to_timestamp('09-DEC-24 08.24.38.379000000 PM','DD-MON-RR HH.MI.SSXFF AM'),null,null,'A','INSERT');
Insert into FIDE_ROPASCLARAS.FIDE_FEEDBACK_TB (ID_FEEDBACK,CLIENTE_ID,COMENTARIO,ESTADO_ID,CREADO_POR,FECHA_CREACION,MODIFICADO_POR,FECHA_MODIFICACION,ESTADO,ACCION) values (3,3,'Me gustaría más opciones de tallas.',1,'FIDE_ROPASCLARAS',to_timestamp('09-DEC-24 08.24.38.379000000 PM','DD-MON-RR HH.MI.SSXFF AM'),null,null,'A','INSERT');
Insert into FIDE_ROPASCLARAS.FIDE_FEEDBACK_TB (ID_FEEDBACK,CLIENTE_ID,COMENTARIO,ESTADO_ID,CREADO_POR,FECHA_CREACION,MODIFICADO_POR,FECHA_MODIFICACION,ESTADO,ACCION) values (4,4,'Buena atención al cliente.',1,'FIDE_ROPASCLARAS',to_timestamp('09-DEC-24 08.24.38.380000000 PM','DD-MON-RR HH.MI.SSXFF AM'),null,null,'A','INSERT');
Insert into FIDE_ROPASCLARAS.FIDE_FEEDBACK_TB (ID_FEEDBACK,CLIENTE_ID,COMENTARIO,ESTADO_ID,CREADO_POR,FECHA_CREACION,MODIFICADO_POR,FECHA_MODIFICACION,ESTADO,ACCION) values (5,5,'Los precios son muy competitivos.',1,'FIDE_ROPASCLARAS',to_timestamp('09-DEC-24 08.24.38.381000000 PM','DD-MON-RR HH.MI.SSXFF AM'),null,null,'A','INSERT');
Insert into FIDE_ROPASCLARAS.FIDE_FEEDBACK_TB (ID_FEEDBACK,CLIENTE_ID,COMENTARIO,ESTADO_ID,CREADO_POR,FECHA_CREACION,MODIFICADO_POR,FECHA_MODIFICACION,ESTADO,ACCION) values (6,6,'Muy satisfecho con mi compra.',1,'FIDE_ROPASCLARAS',to_timestamp('09-DEC-24 08.24.38.381000000 PM','DD-MON-RR HH.MI.SSXFF AM'),null,null,'A','INSERT');
Insert into FIDE_ROPASCLARAS.FIDE_FEEDBACK_TB (ID_FEEDBACK,CLIENTE_ID,COMENTARIO,ESTADO_ID,CREADO_POR,FECHA_CREACION,MODIFICADO_POR,FECHA_MODIFICACION,ESTADO,ACCION) values (7,7,'La calidad del producto es excelente.',1,'FIDE_ROPASCLARAS',to_timestamp('09-DEC-24 08.24.38.381000000 PM','DD-MON-RR HH.MI.SSXFF AM'),null,null,'A','INSERT');
Insert into FIDE_ROPASCLARAS.FIDE_FEEDBACK_TB (ID_FEEDBACK,CLIENTE_ID,COMENTARIO,ESTADO_ID,CREADO_POR,FECHA_CREACION,MODIFICADO_POR,FECHA_MODIFICACION,ESTADO,ACCION) values (8,8,'Buena experiencia de compra en línea.',1,'FIDE_ROPASCLARAS',to_timestamp('09-DEC-24 08.24.38.382000000 PM','DD-MON-RR HH.MI.SSXFF AM'),null,null,'A','INSERT');
Insert into FIDE_ROPASCLARAS.FIDE_FEEDBACK_TB (ID_FEEDBACK,CLIENTE_ID,COMENTARIO,ESTADO_ID,CREADO_POR,FECHA_CREACION,MODIFICADO_POR,FECHA_MODIFICACION,ESTADO,ACCION) values (9,9,'Los colores no coincidían con la imagen.',1,'FIDE_ROPASCLARAS',to_timestamp('09-DEC-24 08.24.38.382000000 PM','DD-MON-RR HH.MI.SSXFF AM'),null,null,'A','INSERT');
Insert into FIDE_ROPASCLARAS.FIDE_FEEDBACK_TB (ID_FEEDBACK,CLIENTE_ID,COMENTARIO,ESTADO_ID,CREADO_POR,FECHA_CREACION,MODIFICADO_POR,FECHA_MODIFICACION,ESTADO,ACCION) values (10,10,'Sugerencia: incluir guía de tallas.',1,'FIDE_ROPASCLARAS',to_timestamp('09-DEC-24 08.24.38.383000000 PM','DD-MON-RR HH.MI.SSXFF AM'),null,null,'A','INSERT');
Insert into FIDE_ROPASCLARAS.FIDE_FEEDBACK_TB (ID_FEEDBACK,CLIENTE_ID,COMENTARIO,ESTADO_ID,CREADO_POR,FECHA_CREACION,MODIFICADO_POR,FECHA_MODIFICACION,ESTADO,ACCION) values (11,11,'Fácil proceso de compra.',1,'FIDE_ROPASCLARAS',to_timestamp('09-DEC-24 08.24.38.383000000 PM','DD-MON-RR HH.MI.SSXFF AM'),null,null,'A','INSERT');
Insert into FIDE_ROPASCLARAS.FIDE_FEEDBACK_TB (ID_FEEDBACK,CLIENTE_ID,COMENTARIO,ESTADO_ID,CREADO_POR,FECHA_CREACION,MODIFICADO_POR,FECHA_MODIFICACION,ESTADO,ACCION) values (12,12,'Gran variedad de productos.',1,'FIDE_ROPASCLARAS',to_timestamp('09-DEC-24 08.24.38.384000000 PM','DD-MON-RR HH.MI.SSXFF AM'),null,null,'A','INSERT');
Insert into FIDE_ROPASCLARAS.FIDE_FEEDBACK_TB (ID_FEEDBACK,CLIENTE_ID,COMENTARIO,ESTADO_ID,CREADO_POR,FECHA_CREACION,MODIFICADO_POR,FECHA_MODIFICACION,ESTADO,ACCION) values (13,13,'La entrega demoró más de lo esperado.',1,'FIDE_ROPASCLARAS',to_timestamp('09-DEC-24 08.24.38.384000000 PM','DD-MON-RR HH.MI.SSXFF AM'),null,null,'A','INSERT');
Insert into FIDE_ROPASCLARAS.FIDE_FEEDBACK_TB (ID_FEEDBACK,CLIENTE_ID,COMENTARIO,ESTADO_ID,CREADO_POR,FECHA_CREACION,MODIFICADO_POR,FECHA_MODIFICACION,ESTADO,ACCION) values (14,14,'Me encanta la calidad del servicio.',1,'FIDE_ROPASCLARAS',to_timestamp('09-DEC-24 08.24.38.385000000 PM','DD-MON-RR HH.MI.SSXFF AM'),null,null,'A','INSERT');
Insert into FIDE_ROPASCLARAS.FIDE_FEEDBACK_TB (ID_FEEDBACK,CLIENTE_ID,COMENTARIO,ESTADO_ID,CREADO_POR,FECHA_CREACION,MODIFICADO_POR,FECHA_MODIFICACION,ESTADO,ACCION) values (15,15,'Recomiendo ampliamente la tienda.',1,'FIDE_ROPASCLARAS',to_timestamp('09-DEC-24 08.24.38.385000000 PM','DD-MON-RR HH.MI.SSXFF AM'),null,null,'A','INSERT');
REM INSERTING into FIDE_ROPASCLARAS.FIDE_INVENTARIO_TB
SET DEFINE OFF;
Insert into FIDE_ROPASCLARAS.FIDE_INVENTARIO_TB (ID_PRODUCTO,NOMBRE,PRECIO,DETALLE,CANTIDAD,CATEGORIA,PROVEEDOR_ID,ESTADO_ID,FECHA_ENTRADA,CREADO_POR,FECHA_CREACION,MODIFICADO_POR,FECHA_MODIFICACION,ESTADO,ACCION) values (22,'Camisa de lino blanca',29.99,'Camisa de lino para hombre, de corte regular y color blanco',50,'Ropa Hombre',21,1,null,'FIDE_ROPASCLARAS',to_timestamp('09-DEC-24 08.19.00.251000000 PM','DD-MON-RR HH.MI.SSXFF AM'),null,null,'A','INSERT');
Insert into FIDE_ROPASCLARAS.FIDE_INVENTARIO_TB (ID_PRODUCTO,NOMBRE,PRECIO,DETALLE,CANTIDAD,CATEGORIA,PROVEEDOR_ID,ESTADO_ID,FECHA_ENTRADA,CREADO_POR,FECHA_CREACION,MODIFICADO_POR,FECHA_MODIFICACION,ESTADO,ACCION) values (23,'Blusa de algodón pastel',19.99,'Blusa de algodón de manga corta en tonos pastel',70,'Ropa Mujer',22,1,null,'FIDE_ROPASCLARAS',to_timestamp('09-DEC-24 08.19.00.251000000 PM','DD-MON-RR HH.MI.SSXFF AM'),null,null,'A','INSERT');
Insert into FIDE_ROPASCLARAS.FIDE_INVENTARIO_TB (ID_PRODUCTO,NOMBRE,PRECIO,DETALLE,CANTIDAD,CATEGORIA,PROVEEDOR_ID,ESTADO_ID,FECHA_ENTRADA,CREADO_POR,FECHA_CREACION,MODIFICADO_POR,FECHA_MODIFICACION,ESTADO,ACCION) values (24,'Pantalón de mezclilla claro',49.99,'Pantalón de mezclilla ajustado, de corte recto, color claro',60,'Ropa Mujer',22,1,null,'FIDE_ROPASCLARAS',to_timestamp('09-DEC-24 08.19.00.252000000 PM','DD-MON-RR HH.MI.SSXFF AM'),null,null,'A','INSERT');
Insert into FIDE_ROPASCLARAS.FIDE_INVENTARIO_TB (ID_PRODUCTO,NOMBRE,PRECIO,DETALLE,CANTIDAD,CATEGORIA,PROVEEDOR_ID,ESTADO_ID,FECHA_ENTRADA,CREADO_POR,FECHA_CREACION,MODIFICADO_POR,FECHA_MODIFICACION,ESTADO,ACCION) values (25,'Vestido largo blanco',79.99,'Vestido largo de verano, elegante y cómodo, color blanco',40,'Ropa Mujer',24,1,null,'FIDE_ROPASCLARAS',to_timestamp('09-DEC-24 08.19.00.252000000 PM','DD-MON-RR HH.MI.SSXFF AM'),null,null,'A','INSERT');
Insert into FIDE_ROPASCLARAS.FIDE_INVENTARIO_TB (ID_PRODUCTO,NOMBRE,PRECIO,DETALLE,CANTIDAD,CATEGORIA,PROVEEDOR_ID,ESTADO_ID,FECHA_ENTRADA,CREADO_POR,FECHA_CREACION,MODIFICADO_POR,FECHA_MODIFICACION,ESTADO,ACCION) values (26,'Camisa de manga larga beige',34.99,'Camisa de manga larga en tono beige, para ocasiones informales',55,'Ropa Hombre',21,1,null,'FIDE_ROPASCLARAS',to_timestamp('09-DEC-24 08.19.00.253000000 PM','DD-MON-RR HH.MI.SSXFF AM'),null,null,'A','INSERT');
Insert into FIDE_ROPASCLARAS.FIDE_INVENTARIO_TB (ID_PRODUCTO,NOMBRE,PRECIO,DETALLE,CANTIDAD,CATEGORIA,PROVEEDOR_ID,ESTADO_ID,FECHA_ENTRADA,CREADO_POR,FECHA_CREACION,MODIFICADO_POR,FECHA_MODIFICACION,ESTADO,ACCION) values (27,'Falda blanca de algodón',24.99,'Falda de algodón, de estilo casual, color blanco',80,'Ropa Mujer',22,1,null,'FIDE_ROPASCLARAS',to_timestamp('09-DEC-24 08.19.00.253000000 PM','DD-MON-RR HH.MI.SSXFF AM'),null,null,'A','INSERT');
Insert into FIDE_ROPASCLARAS.FIDE_INVENTARIO_TB (ID_PRODUCTO,NOMBRE,PRECIO,DETALLE,CANTIDAD,CATEGORIA,PROVEEDOR_ID,ESTADO_ID,FECHA_ENTRADA,CREADO_POR,FECHA_CREACION,MODIFICADO_POR,FECHA_MODIFICACION,ESTADO,ACCION) values (28,'Pantalón de lino claro',59.99,'Pantalón de lino cómodo y fresco, ideal para el verano',50,'Ropa Hombre',21,1,null,'FIDE_ROPASCLARAS',to_timestamp('09-DEC-24 08.19.00.254000000 PM','DD-MON-RR HH.MI.SSXFF AM'),null,null,'A','INSERT');
Insert into FIDE_ROPASCLARAS.FIDE_INVENTARIO_TB (ID_PRODUCTO,NOMBRE,PRECIO,DETALLE,CANTIDAD,CATEGORIA,PROVEEDOR_ID,ESTADO_ID,FECHA_ENTRADA,CREADO_POR,FECHA_CREACION,MODIFICADO_POR,FECHA_MODIFICACION,ESTADO,ACCION) values (29,'Blusa sin mangas color crema',19.99,'Blusa ligera sin mangas en color crema, perfecta para el calor',90,'Ropa Mujer',22,1,null,'FIDE_ROPASCLARAS',to_timestamp('09-DEC-24 08.19.00.254000000 PM','DD-MON-RR HH.MI.SSXFF AM'),null,null,'A','INSERT');
Insert into FIDE_ROPASCLARAS.FIDE_INVENTARIO_TB (ID_PRODUCTO,NOMBRE,PRECIO,DETALLE,CANTIDAD,CATEGORIA,PROVEEDOR_ID,ESTADO_ID,FECHA_ENTRADA,CREADO_POR,FECHA_CREACION,MODIFICADO_POR,FECHA_MODIFICACION,ESTADO,ACCION) values (30,'Suéter claro de lana',39.99,'Suéter de lana ligera, ideal para climas frescos',45,'Ropa Mujer',24,1,null,'FIDE_ROPASCLARAS',to_timestamp('09-DEC-24 08.19.00.255000000 PM','DD-MON-RR HH.MI.SSXFF AM'),null,null,'A','INSERT');
Insert into FIDE_ROPASCLARAS.FIDE_INVENTARIO_TB (ID_PRODUCTO,NOMBRE,PRECIO,DETALLE,CANTIDAD,CATEGORIA,PROVEEDOR_ID,ESTADO_ID,FECHA_ENTRADA,CREADO_POR,FECHA_CREACION,MODIFICADO_POR,FECHA_MODIFICACION,ESTADO,ACCION) values (31,'Chaqueta de lino gris claro',89.99,'Chaqueta de lino gris claro, moderna y de corte ajustado',30,'Ropa Hombre',21,1,null,'FIDE_ROPASCLARAS',to_timestamp('09-DEC-24 08.19.00.255000000 PM','DD-MON-RR HH.MI.SSXFF AM'),null,null,'A','INSERT');
Insert into FIDE_ROPASCLARAS.FIDE_INVENTARIO_TB (ID_PRODUCTO,NOMBRE,PRECIO,DETALLE,CANTIDAD,CATEGORIA,PROVEEDOR_ID,ESTADO_ID,FECHA_ENTRADA,CREADO_POR,FECHA_CREACION,MODIFICADO_POR,FECHA_MODIFICACION,ESTADO,ACCION) values (32,'Pantalón blanco de algodón',29.99,'Pantalón casual blanco, de corte recto, muy cómodo',60,'Ropa Mujer',22,1,null,'FIDE_ROPASCLARAS',to_timestamp('09-DEC-24 08.19.00.255000000 PM','DD-MON-RR HH.MI.SSXFF AM'),null,null,'A','INSERT');
Insert into FIDE_ROPASCLARAS.FIDE_INVENTARIO_TB (ID_PRODUCTO,NOMBRE,PRECIO,DETALLE,CANTIDAD,CATEGORIA,PROVEEDOR_ID,ESTADO_ID,FECHA_ENTRADA,CREADO_POR,FECHA_CREACION,MODIFICADO_POR,FECHA_MODIFICACION,ESTADO,ACCION) values (33,'Camiseta blanca de algodón',14.99,'Camiseta básica blanca de algodón, ideal para el día a día',100,'Ropa Hombre',21,1,null,'FIDE_ROPASCLARAS',to_timestamp('09-DEC-24 08.19.00.256000000 PM','DD-MON-RR HH.MI.SSXFF AM'),null,null,'A','INSERT');
Insert into FIDE_ROPASCLARAS.FIDE_INVENTARIO_TB (ID_PRODUCTO,NOMBRE,PRECIO,DETALLE,CANTIDAD,CATEGORIA,PROVEEDOR_ID,ESTADO_ID,FECHA_ENTRADA,CREADO_POR,FECHA_CREACION,MODIFICADO_POR,FECHA_MODIFICACION,ESTADO,ACCION) values (34,'Blusa de seda rosa claro',54.99,'Blusa de seda con detalles en rosa claro, elegante y cómoda',40,'Ropa Mujer',24,1,null,'FIDE_ROPASCLARAS',to_timestamp('09-DEC-24 08.19.00.257000000 PM','DD-MON-RR HH.MI.SSXFF AM'),null,null,'A','INSERT');
Insert into FIDE_ROPASCLARAS.FIDE_INVENTARIO_TB (ID_PRODUCTO,NOMBRE,PRECIO,DETALLE,CANTIDAD,CATEGORIA,PROVEEDOR_ID,ESTADO_ID,FECHA_ENTRADA,CREADO_POR,FECHA_CREACION,MODIFICADO_POR,FECHA_MODIFICACION,ESTADO,ACCION) values (35,'Sombrero de paja claro',24.99,'Sombrero de paja claro, perfecto para el verano',60,'Accesorios',34,1,null,'FIDE_ROPASCLARAS',to_timestamp('09-DEC-24 08.19.00.257000000 PM','DD-MON-RR HH.MI.SSXFF AM'),null,null,'A','INSERT');
Insert into FIDE_ROPASCLARAS.FIDE_INVENTARIO_TB (ID_PRODUCTO,NOMBRE,PRECIO,DETALLE,CANTIDAD,CATEGORIA,PROVEEDOR_ID,ESTADO_ID,FECHA_ENTRADA,CREADO_POR,FECHA_CREACION,MODIFICADO_POR,FECHA_MODIFICACION,ESTADO,ACCION) values (36,'Chaqueta ligera beige',59.99,'Chaqueta ligera en tono beige, para clima templado',45,'Ropa Hombre',21,1,null,'FIDE_ROPASCLARAS',to_timestamp('09-DEC-24 08.19.00.257000000 PM','DD-MON-RR HH.MI.SSXFF AM'),null,null,'A','INSERT');
REM INSERTING into FIDE_ROPASCLARAS.FIDE_METODO_PAGO_TB
SET DEFINE OFF;
REM INSERTING into FIDE_ROPASCLARAS.FIDE_PAIS_TB
SET DEFINE OFF;
Insert into FIDE_ROPASCLARAS.FIDE_PAIS_TB (ID_PAIS,NOMBRE,CREADO_POR,FECHA_CREACION,MODIFICADO_POR,FECHA_MODIFICACION,ESTADO,ACCION) values (1,'Costa Rica','FIDE_ROPASCLARAS',to_timestamp('08-DEC-24 09.19.50.798000000 PM','DD-MON-RR HH.MI.SSXFF AM'),null,null,'A','INSERT');
Insert into FIDE_ROPASCLARAS.FIDE_PAIS_TB (ID_PAIS,NOMBRE,CREADO_POR,FECHA_CREACION,MODIFICADO_POR,FECHA_MODIFICACION,ESTADO,ACCION) values (2,'Estados Unidos','FIDE_ROPASCLARAS',to_timestamp('08-DEC-24 09.19.50.800000000 PM','DD-MON-RR HH.MI.SSXFF AM'),null,null,'A','INSERT');
Insert into FIDE_ROPASCLARAS.FIDE_PAIS_TB (ID_PAIS,NOMBRE,CREADO_POR,FECHA_CREACION,MODIFICADO_POR,FECHA_MODIFICACION,ESTADO,ACCION) values (3,'México','FIDE_ROPASCLARAS',to_timestamp('08-DEC-24 09.19.50.801000000 PM','DD-MON-RR HH.MI.SSXFF AM'),null,null,'A','INSERT');
Insert into FIDE_ROPASCLARAS.FIDE_PAIS_TB (ID_PAIS,NOMBRE,CREADO_POR,FECHA_CREACION,MODIFICADO_POR,FECHA_MODIFICACION,ESTADO,ACCION) values (4,'Canadá','FIDE_ROPASCLARAS',to_timestamp('08-DEC-24 09.19.50.802000000 PM','DD-MON-RR HH.MI.SSXFF AM'),null,null,'A','INSERT');
Insert into FIDE_ROPASCLARAS.FIDE_PAIS_TB (ID_PAIS,NOMBRE,CREADO_POR,FECHA_CREACION,MODIFICADO_POR,FECHA_MODIFICACION,ESTADO,ACCION) values (5,'Brasil','FIDE_ROPASCLARAS',to_timestamp('08-DEC-24 09.19.50.803000000 PM','DD-MON-RR HH.MI.SSXFF AM'),null,null,'A','INSERT');
Insert into FIDE_ROPASCLARAS.FIDE_PAIS_TB (ID_PAIS,NOMBRE,CREADO_POR,FECHA_CREACION,MODIFICADO_POR,FECHA_MODIFICACION,ESTADO,ACCION) values (6,'Argentina','FIDE_ROPASCLARAS',to_timestamp('08-DEC-24 09.19.50.803000000 PM','DD-MON-RR HH.MI.SSXFF AM'),null,null,'A','INSERT');
Insert into FIDE_ROPASCLARAS.FIDE_PAIS_TB (ID_PAIS,NOMBRE,CREADO_POR,FECHA_CREACION,MODIFICADO_POR,FECHA_MODIFICACION,ESTADO,ACCION) values (7,'Chile','FIDE_ROPASCLARAS',to_timestamp('08-DEC-24 09.19.50.805000000 PM','DD-MON-RR HH.MI.SSXFF AM'),null,null,'A','INSERT');
Insert into FIDE_ROPASCLARAS.FIDE_PAIS_TB (ID_PAIS,NOMBRE,CREADO_POR,FECHA_CREACION,MODIFICADO_POR,FECHA_MODIFICACION,ESTADO,ACCION) values (8,'Perú','FIDE_ROPASCLARAS',to_timestamp('08-DEC-24 09.19.50.806000000 PM','DD-MON-RR HH.MI.SSXFF AM'),null,null,'A','INSERT');
Insert into FIDE_ROPASCLARAS.FIDE_PAIS_TB (ID_PAIS,NOMBRE,CREADO_POR,FECHA_CREACION,MODIFICADO_POR,FECHA_MODIFICACION,ESTADO,ACCION) values (9,'Colombia','FIDE_ROPASCLARAS',to_timestamp('08-DEC-24 09.19.50.806000000 PM','DD-MON-RR HH.MI.SSXFF AM'),null,null,'A','INSERT');
Insert into FIDE_ROPASCLARAS.FIDE_PAIS_TB (ID_PAIS,NOMBRE,CREADO_POR,FECHA_CREACION,MODIFICADO_POR,FECHA_MODIFICACION,ESTADO,ACCION) values (10,'España','FIDE_ROPASCLARAS',to_timestamp('08-DEC-24 09.19.50.807000000 PM','DD-MON-RR HH.MI.SSXFF AM'),null,null,'A','INSERT');
Insert into FIDE_ROPASCLARAS.FIDE_PAIS_TB (ID_PAIS,NOMBRE,CREADO_POR,FECHA_CREACION,MODIFICADO_POR,FECHA_MODIFICACION,ESTADO,ACCION) values (11,'Francia','FIDE_ROPASCLARAS',to_timestamp('08-DEC-24 09.19.50.808000000 PM','DD-MON-RR HH.MI.SSXFF AM'),null,null,'A','INSERT');
Insert into FIDE_ROPASCLARAS.FIDE_PAIS_TB (ID_PAIS,NOMBRE,CREADO_POR,FECHA_CREACION,MODIFICADO_POR,FECHA_MODIFICACION,ESTADO,ACCION) values (12,'Italia','FIDE_ROPASCLARAS',to_timestamp('08-DEC-24 09.19.50.808000000 PM','DD-MON-RR HH.MI.SSXFF AM'),null,null,'A','INSERT');
Insert into FIDE_ROPASCLARAS.FIDE_PAIS_TB (ID_PAIS,NOMBRE,CREADO_POR,FECHA_CREACION,MODIFICADO_POR,FECHA_MODIFICACION,ESTADO,ACCION) values (13,'Alemania','FIDE_ROPASCLARAS',to_timestamp('08-DEC-24 09.19.50.809000000 PM','DD-MON-RR HH.MI.SSXFF AM'),null,null,'A','INSERT');
Insert into FIDE_ROPASCLARAS.FIDE_PAIS_TB (ID_PAIS,NOMBRE,CREADO_POR,FECHA_CREACION,MODIFICADO_POR,FECHA_MODIFICACION,ESTADO,ACCION) values (14,'Japón','FIDE_ROPASCLARAS',to_timestamp('08-DEC-24 09.19.50.812000000 PM','DD-MON-RR HH.MI.SSXFF AM'),null,null,'A','INSERT');
Insert into FIDE_ROPASCLARAS.FIDE_PAIS_TB (ID_PAIS,NOMBRE,CREADO_POR,FECHA_CREACION,MODIFICADO_POR,FECHA_MODIFICACION,ESTADO,ACCION) values (15,'China','FIDE_ROPASCLARAS',to_timestamp('08-DEC-24 09.19.50.813000000 PM','DD-MON-RR HH.MI.SSXFF AM'),null,null,'A','INSERT');
REM INSERTING into FIDE_ROPASCLARAS.FIDE_PROVEEDORES_TB
SET DEFINE OFF;
Insert into FIDE_ROPASCLARAS.FIDE_PROVEEDORES_TB (ID_PROVEEDOR,NOMBRE,DETALLES,ESTADO_ID,CREADO_POR,FECHA_CREACION,MODIFICADO_POR,FECHA_MODIFICACION,ESTADO,ACCION) values (21,'Distribuidora Global','Proveedor de ropa casual y formal para hombres y mujeres',1,'FIDE_ROPASCLARAS',to_timestamp('09-DEC-24 07.56.27.091000000 PM','DD-MON-RR HH.MI.SSXFF AM'),null,null,'A','INSERT');
Insert into FIDE_ROPASCLARAS.FIDE_PROVEEDORES_TB (ID_PROVEEDOR,NOMBRE,DETALLES,ESTADO_ID,CREADO_POR,FECHA_CREACION,MODIFICADO_POR,FECHA_MODIFICACION,ESTADO,ACCION) values (22,'Textiles del Caribe','Suministrador de telas para confección y ropa deportiva',1,'FIDE_ROPASCLARAS',to_timestamp('09-DEC-24 07.56.27.093000000 PM','DD-MON-RR HH.MI.SSXFF AM'),null,null,'A','INSERT');
Insert into FIDE_ROPASCLARAS.FIDE_PROVEEDORES_TB (ID_PROVEEDOR,NOMBRE,DETALLES,ESTADO_ID,CREADO_POR,FECHA_CREACION,MODIFICADO_POR,FECHA_MODIFICACION,ESTADO,ACCION) values (23,'Calzado Moderno','Especialistas en calzado formal y deportivo',1,'FIDE_ROPASCLARAS',to_timestamp('09-DEC-24 07.56.27.093000000 PM','DD-MON-RR HH.MI.SSXFF AM'),null,null,'A','INSERT');
Insert into FIDE_ROPASCLARAS.FIDE_PROVEEDORES_TB (ID_PROVEEDOR,NOMBRE,DETALLES,ESTADO_ID,CREADO_POR,FECHA_CREACION,MODIFICADO_POR,FECHA_MODIFICACION,ESTADO,ACCION) values (24,'Moda Exclusiva','Proveedor de ropa de diseño exclusivo para eventos especiales',1,'FIDE_ROPASCLARAS',to_timestamp('09-DEC-24 07.56.27.094000000 PM','DD-MON-RR HH.MI.SSXFF AM'),null,null,'A','INSERT');
Insert into FIDE_ROPASCLARAS.FIDE_PROVEEDORES_TB (ID_PROVEEDOR,NOMBRE,DETALLES,ESTADO_ID,CREADO_POR,FECHA_CREACION,MODIFICADO_POR,FECHA_MODIFICACION,ESTADO,ACCION) values (25,'Ropa Infantil S.A.','Ropa y accesorios para niños y niñas',1,'FIDE_ROPASCLARAS',to_timestamp('09-DEC-24 07.56.27.094000000 PM','DD-MON-RR HH.MI.SSXFF AM'),null,null,'A','INSERT');
Insert into FIDE_ROPASCLARAS.FIDE_PROVEEDORES_TB (ID_PROVEEDOR,NOMBRE,DETALLES,ESTADO_ID,CREADO_POR,FECHA_CREACION,MODIFICADO_POR,FECHA_MODIFICACION,ESTADO,ACCION) values (26,'Fashion Plus','Proveedor de accesorios de moda y complementos',1,'FIDE_ROPASCLARAS',to_timestamp('09-DEC-24 07.56.27.094000000 PM','DD-MON-RR HH.MI.SSXFF AM'),null,null,'A','INSERT');
Insert into FIDE_ROPASCLARAS.FIDE_PROVEEDORES_TB (ID_PROVEEDOR,NOMBRE,DETALLES,ESTADO_ID,CREADO_POR,FECHA_CREACION,MODIFICADO_POR,FECHA_MODIFICACION,ESTADO,ACCION) values (27,'Uniformes Profesionales','Especialistas en uniformes escolares y empresariales',1,'FIDE_ROPASCLARAS',to_timestamp('09-DEC-24 07.56.27.095000000 PM','DD-MON-RR HH.MI.SSXFF AM'),null,null,'A','INSERT');
Insert into FIDE_ROPASCLARAS.FIDE_PROVEEDORES_TB (ID_PROVEEDOR,NOMBRE,DETALLES,ESTADO_ID,CREADO_POR,FECHA_CREACION,MODIFICADO_POR,FECHA_MODIFICACION,ESTADO,ACCION) values (28,'Línea Deportiva','Ropa y calzado deportivo de marcas reconocidas',1,'FIDE_ROPASCLARAS',to_timestamp('09-DEC-24 07.56.27.095000000 PM','DD-MON-RR HH.MI.SSXFF AM'),null,null,'A','INSERT');
Insert into FIDE_ROPASCLARAS.FIDE_PROVEEDORES_TB (ID_PROVEEDOR,NOMBRE,DETALLES,ESTADO_ID,CREADO_POR,FECHA_CREACION,MODIFICADO_POR,FECHA_MODIFICACION,ESTADO,ACCION) values (29,'Importadora Americana','Distribuidor de marcas internacionales de ropa y accesorios',1,'FIDE_ROPASCLARAS',to_timestamp('09-DEC-24 07.56.27.096000000 PM','DD-MON-RR HH.MI.SSXFF AM'),null,null,'A','INSERT');
Insert into FIDE_ROPASCLARAS.FIDE_PROVEEDORES_TB (ID_PROVEEDOR,NOMBRE,DETALLES,ESTADO_ID,CREADO_POR,FECHA_CREACION,MODIFICADO_POR,FECHA_MODIFICACION,ESTADO,ACCION) values (30,'Ropas del Sur','Proveedor de ropa casual a precios accesibles',1,'FIDE_ROPASCLARAS',to_timestamp('09-DEC-24 07.56.27.096000000 PM','DD-MON-RR HH.MI.SSXFF AM'),null,null,'A','INSERT');
Insert into FIDE_ROPASCLARAS.FIDE_PROVEEDORES_TB (ID_PROVEEDOR,NOMBRE,DETALLES,ESTADO_ID,CREADO_POR,FECHA_CREACION,MODIFICADO_POR,FECHA_MODIFICACION,ESTADO,ACCION) values (31,'Estilo Urbano','Suministro de ropa urbana y juvenil',1,'FIDE_ROPASCLARAS',to_timestamp('09-DEC-24 07.56.27.096000000 PM','DD-MON-RR HH.MI.SSXFF AM'),null,null,'A','INSERT');
Insert into FIDE_ROPASCLARAS.FIDE_PROVEEDORES_TB (ID_PROVEEDOR,NOMBRE,DETALLES,ESTADO_ID,CREADO_POR,FECHA_CREACION,MODIFICADO_POR,FECHA_MODIFICACION,ESTADO,ACCION) values (32,'Vintage Boutique','Proveedor especializado en ropa y accesorios vintage',1,'FIDE_ROPASCLARAS',to_timestamp('09-DEC-24 07.56.27.097000000 PM','DD-MON-RR HH.MI.SSXFF AM'),null,null,'A','INSERT');
Insert into FIDE_ROPASCLARAS.FIDE_PROVEEDORES_TB (ID_PROVEEDOR,NOMBRE,DETALLES,ESTADO_ID,CREADO_POR,FECHA_CREACION,MODIFICADO_POR,FECHA_MODIFICACION,ESTADO,ACCION) values (33,'Outlet Textil','Ropa de temporadas anteriores a precios reducidos',1,'FIDE_ROPASCLARAS',to_timestamp('09-DEC-24 07.56.27.097000000 PM','DD-MON-RR HH.MI.SSXFF AM'),null,null,'A','INSERT');
Insert into FIDE_ROPASCLARAS.FIDE_PROVEEDORES_TB (ID_PROVEEDOR,NOMBRE,DETALLES,ESTADO_ID,CREADO_POR,FECHA_CREACION,MODIFICADO_POR,FECHA_MODIFICACION,ESTADO,ACCION) values (34,'Accesorios y Más','Proveedor de bolsos, cinturones y joyería de moda',1,'FIDE_ROPASCLARAS',to_timestamp('09-DEC-24 07.56.27.097000000 PM','DD-MON-RR HH.MI.SSXFF AM'),null,null,'A','INSERT');
Insert into FIDE_ROPASCLARAS.FIDE_PROVEEDORES_TB (ID_PROVEEDOR,NOMBRE,DETALLES,ESTADO_ID,CREADO_POR,FECHA_CREACION,MODIFICADO_POR,FECHA_MODIFICACION,ESTADO,ACCION) values (35,'EcoModa','Ropa fabricada con materiales ecológicos y sostenibles',1,'FIDE_ROPASCLARAS',to_timestamp('09-DEC-24 07.56.27.098000000 PM','DD-MON-RR HH.MI.SSXFF AM'),null,null,'A','INSERT');
Insert into FIDE_ROPASCLARAS.FIDE_PROVEEDORES_TB (ID_PROVEEDOR,NOMBRE,DETALLES,ESTADO_ID,CREADO_POR,FECHA_CREACION,MODIFICADO_POR,FECHA_MODIFICACION,ESTADO,ACCION) values (3,'Distribuidora Global','Proveedor de ropa casual y formal para hombres y mujeres',1,'FIDE_ROPASCLARAS',to_timestamp('08-DEC-24 09.44.15.886000000 PM','DD-MON-RR HH.MI.SSXFF AM'),null,null,'A','INSERT');
Insert into FIDE_ROPASCLARAS.FIDE_PROVEEDORES_TB (ID_PROVEEDOR,NOMBRE,DETALLES,ESTADO_ID,CREADO_POR,FECHA_CREACION,MODIFICADO_POR,FECHA_MODIFICACION,ESTADO,ACCION) values (4,'Textiles del Caribe','Suministrador de telas para confección y ropa deportiva',1,'FIDE_ROPASCLARAS',to_timestamp('08-DEC-24 09.44.15.887000000 PM','DD-MON-RR HH.MI.SSXFF AM'),null,null,'A','INSERT');
Insert into FIDE_ROPASCLARAS.FIDE_PROVEEDORES_TB (ID_PROVEEDOR,NOMBRE,DETALLES,ESTADO_ID,CREADO_POR,FECHA_CREACION,MODIFICADO_POR,FECHA_MODIFICACION,ESTADO,ACCION) values (5,'Calzado Moderno','Especialistas en calzado formal y deportivo',1,'FIDE_ROPASCLARAS',to_timestamp('08-DEC-24 09.44.15.888000000 PM','DD-MON-RR HH.MI.SSXFF AM'),null,null,'A','INSERT');
Insert into FIDE_ROPASCLARAS.FIDE_PROVEEDORES_TB (ID_PROVEEDOR,NOMBRE,DETALLES,ESTADO_ID,CREADO_POR,FECHA_CREACION,MODIFICADO_POR,FECHA_MODIFICACION,ESTADO,ACCION) values (6,'Moda Exclusiva','Proveedor de ropa de diseño exclusivo para eventos especiales',1,'FIDE_ROPASCLARAS',to_timestamp('08-DEC-24 09.44.15.899000000 PM','DD-MON-RR HH.MI.SSXFF AM'),null,null,'A','INSERT');
Insert into FIDE_ROPASCLARAS.FIDE_PROVEEDORES_TB (ID_PROVEEDOR,NOMBRE,DETALLES,ESTADO_ID,CREADO_POR,FECHA_CREACION,MODIFICADO_POR,FECHA_MODIFICACION,ESTADO,ACCION) values (7,'Ropa Infantil S.A.','Ropa y accesorios para niños y niñas',1,'FIDE_ROPASCLARAS',to_timestamp('08-DEC-24 09.44.15.902000000 PM','DD-MON-RR HH.MI.SSXFF AM'),null,null,'A','INSERT');
Insert into FIDE_ROPASCLARAS.FIDE_PROVEEDORES_TB (ID_PROVEEDOR,NOMBRE,DETALLES,ESTADO_ID,CREADO_POR,FECHA_CREACION,MODIFICADO_POR,FECHA_MODIFICACION,ESTADO,ACCION) values (8,'Fashion Plus','Proveedor de accesorios de moda y complementos',1,'FIDE_ROPASCLARAS',to_timestamp('08-DEC-24 09.44.15.902000000 PM','DD-MON-RR HH.MI.SSXFF AM'),null,null,'A','INSERT');
Insert into FIDE_ROPASCLARAS.FIDE_PROVEEDORES_TB (ID_PROVEEDOR,NOMBRE,DETALLES,ESTADO_ID,CREADO_POR,FECHA_CREACION,MODIFICADO_POR,FECHA_MODIFICACION,ESTADO,ACCION) values (9,'Uniformes Profesionales','Especialistas en uniformes escolares y empresariales',1,'FIDE_ROPASCLARAS',to_timestamp('08-DEC-24 09.44.15.902000000 PM','DD-MON-RR HH.MI.SSXFF AM'),null,null,'A','INSERT');
Insert into FIDE_ROPASCLARAS.FIDE_PROVEEDORES_TB (ID_PROVEEDOR,NOMBRE,DETALLES,ESTADO_ID,CREADO_POR,FECHA_CREACION,MODIFICADO_POR,FECHA_MODIFICACION,ESTADO,ACCION) values (10,'Línea Deportiva','Ropa y calzado deportivo de marcas reconocidas',1,'FIDE_ROPASCLARAS',to_timestamp('08-DEC-24 09.44.15.902000000 PM','DD-MON-RR HH.MI.SSXFF AM'),null,null,'A','INSERT');
Insert into FIDE_ROPASCLARAS.FIDE_PROVEEDORES_TB (ID_PROVEEDOR,NOMBRE,DETALLES,ESTADO_ID,CREADO_POR,FECHA_CREACION,MODIFICADO_POR,FECHA_MODIFICACION,ESTADO,ACCION) values (11,'Importadora Americana','Distribuidor de marcas internacionales de ropa y accesorios',1,'FIDE_ROPASCLARAS',to_timestamp('08-DEC-24 09.44.15.907000000 PM','DD-MON-RR HH.MI.SSXFF AM'),null,null,'A','INSERT');
Insert into FIDE_ROPASCLARAS.FIDE_PROVEEDORES_TB (ID_PROVEEDOR,NOMBRE,DETALLES,ESTADO_ID,CREADO_POR,FECHA_CREACION,MODIFICADO_POR,FECHA_MODIFICACION,ESTADO,ACCION) values (12,'Ropas del Sur','Proveedor de ropa casual a precios accesibles',1,'FIDE_ROPASCLARAS',to_timestamp('08-DEC-24 09.44.15.907000000 PM','DD-MON-RR HH.MI.SSXFF AM'),null,null,'A','INSERT');
Insert into FIDE_ROPASCLARAS.FIDE_PROVEEDORES_TB (ID_PROVEEDOR,NOMBRE,DETALLES,ESTADO_ID,CREADO_POR,FECHA_CREACION,MODIFICADO_POR,FECHA_MODIFICACION,ESTADO,ACCION) values (13,'Estilo Urbano','Suministro de ropa urbana y juvenil',1,'FIDE_ROPASCLARAS',to_timestamp('08-DEC-24 09.44.15.908000000 PM','DD-MON-RR HH.MI.SSXFF AM'),null,null,'A','INSERT');
Insert into FIDE_ROPASCLARAS.FIDE_PROVEEDORES_TB (ID_PROVEEDOR,NOMBRE,DETALLES,ESTADO_ID,CREADO_POR,FECHA_CREACION,MODIFICADO_POR,FECHA_MODIFICACION,ESTADO,ACCION) values (14,'Vintage Boutique','Proveedor especializado en ropa y accesorios vintage',1,'FIDE_ROPASCLARAS',to_timestamp('08-DEC-24 09.44.15.909000000 PM','DD-MON-RR HH.MI.SSXFF AM'),null,null,'A','INSERT');
Insert into FIDE_ROPASCLARAS.FIDE_PROVEEDORES_TB (ID_PROVEEDOR,NOMBRE,DETALLES,ESTADO_ID,CREADO_POR,FECHA_CREACION,MODIFICADO_POR,FECHA_MODIFICACION,ESTADO,ACCION) values (15,'Outlet Textil','Ropa de temporadas anteriores a precios reducidos',1,'FIDE_ROPASCLARAS',to_timestamp('08-DEC-24 09.44.15.911000000 PM','DD-MON-RR HH.MI.SSXFF AM'),null,null,'A','INSERT');
Insert into FIDE_ROPASCLARAS.FIDE_PROVEEDORES_TB (ID_PROVEEDOR,NOMBRE,DETALLES,ESTADO_ID,CREADO_POR,FECHA_CREACION,MODIFICADO_POR,FECHA_MODIFICACION,ESTADO,ACCION) values (16,'Accesorios y Más','Proveedor de bolsos, cinturones y joyería de moda',1,'FIDE_ROPASCLARAS',to_timestamp('08-DEC-24 09.44.15.911000000 PM','DD-MON-RR HH.MI.SSXFF AM'),null,null,'A','INSERT');
Insert into FIDE_ROPASCLARAS.FIDE_PROVEEDORES_TB (ID_PROVEEDOR,NOMBRE,DETALLES,ESTADO_ID,CREADO_POR,FECHA_CREACION,MODIFICADO_POR,FECHA_MODIFICACION,ESTADO,ACCION) values (17,'EcoModa','Ropa fabricada con materiales ecológicos y sostenibles',1,'FIDE_ROPASCLARAS',to_timestamp('08-DEC-24 09.44.15.913000000 PM','DD-MON-RR HH.MI.SSXFF AM'),null,null,'A','INSERT');
REM INSERTING into FIDE_ROPASCLARAS.FIDE_PROVINCIA_TB
SET DEFINE OFF;
Insert into FIDE_ROPASCLARAS.FIDE_PROVINCIA_TB (ID_PROVINCIA,NOMBRE,CREADO_POR,FECHA_CREACION,MODIFICADO_POR,FECHA_MODIFICACION,ESTADO,ACCION) values (1,'San José','FIDE_ROPASCLARAS',to_timestamp('08-DEC-24 09.28.05.592000000 PM','DD-MON-RR HH.MI.SSXFF AM'),null,null,'A','INSERT');
Insert into FIDE_ROPASCLARAS.FIDE_PROVINCIA_TB (ID_PROVINCIA,NOMBRE,CREADO_POR,FECHA_CREACION,MODIFICADO_POR,FECHA_MODIFICACION,ESTADO,ACCION) values (2,'Alajuela','FIDE_ROPASCLARAS',to_timestamp('08-DEC-24 09.28.05.594000000 PM','DD-MON-RR HH.MI.SSXFF AM'),null,null,'A','INSERT');
Insert into FIDE_ROPASCLARAS.FIDE_PROVINCIA_TB (ID_PROVINCIA,NOMBRE,CREADO_POR,FECHA_CREACION,MODIFICADO_POR,FECHA_MODIFICACION,ESTADO,ACCION) values (3,'Cartago','FIDE_ROPASCLARAS',to_timestamp('08-DEC-24 09.28.05.595000000 PM','DD-MON-RR HH.MI.SSXFF AM'),null,null,'A','INSERT');
Insert into FIDE_ROPASCLARAS.FIDE_PROVINCIA_TB (ID_PROVINCIA,NOMBRE,CREADO_POR,FECHA_CREACION,MODIFICADO_POR,FECHA_MODIFICACION,ESTADO,ACCION) values (4,'Heredia','FIDE_ROPASCLARAS',to_timestamp('08-DEC-24 09.28.05.596000000 PM','DD-MON-RR HH.MI.SSXFF AM'),null,null,'A','INSERT');
Insert into FIDE_ROPASCLARAS.FIDE_PROVINCIA_TB (ID_PROVINCIA,NOMBRE,CREADO_POR,FECHA_CREACION,MODIFICADO_POR,FECHA_MODIFICACION,ESTADO,ACCION) values (5,'Puntarenas','FIDE_ROPASCLARAS',to_timestamp('08-DEC-24 09.28.05.597000000 PM','DD-MON-RR HH.MI.SSXFF AM'),null,null,'A','INSERT');
Insert into FIDE_ROPASCLARAS.FIDE_PROVINCIA_TB (ID_PROVINCIA,NOMBRE,CREADO_POR,FECHA_CREACION,MODIFICADO_POR,FECHA_MODIFICACION,ESTADO,ACCION) values (6,'Limón','FIDE_ROPASCLARAS',to_timestamp('08-DEC-24 09.28.05.598000000 PM','DD-MON-RR HH.MI.SSXFF AM'),null,null,'A','INSERT');
Insert into FIDE_ROPASCLARAS.FIDE_PROVINCIA_TB (ID_PROVINCIA,NOMBRE,CREADO_POR,FECHA_CREACION,MODIFICADO_POR,FECHA_MODIFICACION,ESTADO,ACCION) values (7,'Guanacaste','FIDE_ROPASCLARAS',to_timestamp('08-DEC-24 09.28.05.599000000 PM','DD-MON-RR HH.MI.SSXFF AM'),null,null,'A','INSERT');
Insert into FIDE_ROPASCLARAS.FIDE_PROVINCIA_TB (ID_PROVINCIA,NOMBRE,CREADO_POR,FECHA_CREACION,MODIFICADO_POR,FECHA_MODIFICACION,ESTADO,ACCION) values (8,'Coclé','FIDE_ROPASCLARAS',to_timestamp('08-DEC-24 09.28.05.600000000 PM','DD-MON-RR HH.MI.SSXFF AM'),null,null,'A','INSERT');
Insert into FIDE_ROPASCLARAS.FIDE_PROVINCIA_TB (ID_PROVINCIA,NOMBRE,CREADO_POR,FECHA_CREACION,MODIFICADO_POR,FECHA_MODIFICACION,ESTADO,ACCION) values (9,'Chiriquí','FIDE_ROPASCLARAS',to_timestamp('08-DEC-24 09.28.05.601000000 PM','DD-MON-RR HH.MI.SSXFF AM'),null,null,'A','INSERT');
Insert into FIDE_ROPASCLARAS.FIDE_PROVINCIA_TB (ID_PROVINCIA,NOMBRE,CREADO_POR,FECHA_CREACION,MODIFICADO_POR,FECHA_MODIFICACION,ESTADO,ACCION) values (10,'Veraguas','FIDE_ROPASCLARAS',to_timestamp('08-DEC-24 09.28.05.602000000 PM','DD-MON-RR HH.MI.SSXFF AM'),null,null,'A','INSERT');
Insert into FIDE_ROPASCLARAS.FIDE_PROVINCIA_TB (ID_PROVINCIA,NOMBRE,CREADO_POR,FECHA_CREACION,MODIFICADO_POR,FECHA_MODIFICACION,ESTADO,ACCION) values (11,'Panamá Oeste','FIDE_ROPASCLARAS',to_timestamp('08-DEC-24 09.28.05.603000000 PM','DD-MON-RR HH.MI.SSXFF AM'),null,null,'A','INSERT');
Insert into FIDE_ROPASCLARAS.FIDE_PROVINCIA_TB (ID_PROVINCIA,NOMBRE,CREADO_POR,FECHA_CREACION,MODIFICADO_POR,FECHA_MODIFICACION,ESTADO,ACCION) values (12,'Colón','FIDE_ROPASCLARAS',to_timestamp('08-DEC-24 09.28.05.604000000 PM','DD-MON-RR HH.MI.SSXFF AM'),null,null,'A','INSERT');
Insert into FIDE_ROPASCLARAS.FIDE_PROVINCIA_TB (ID_PROVINCIA,NOMBRE,CREADO_POR,FECHA_CREACION,MODIFICADO_POR,FECHA_MODIFICACION,ESTADO,ACCION) values (13,'Bocas del Toro','FIDE_ROPASCLARAS',to_timestamp('08-DEC-24 09.28.05.604000000 PM','DD-MON-RR HH.MI.SSXFF AM'),null,null,'A','INSERT');
Insert into FIDE_ROPASCLARAS.FIDE_PROVINCIA_TB (ID_PROVINCIA,NOMBRE,CREADO_POR,FECHA_CREACION,MODIFICADO_POR,FECHA_MODIFICACION,ESTADO,ACCION) values (14,'Darién','FIDE_ROPASCLARAS',to_timestamp('08-DEC-24 09.28.05.604000000 PM','DD-MON-RR HH.MI.SSXFF AM'),null,null,'A','INSERT');
Insert into FIDE_ROPASCLARAS.FIDE_PROVINCIA_TB (ID_PROVINCIA,NOMBRE,CREADO_POR,FECHA_CREACION,MODIFICADO_POR,FECHA_MODIFICACION,ESTADO,ACCION) values (15,'Emberá Wounaan','FIDE_ROPASCLARAS',to_timestamp('08-DEC-24 09.28.05.606000000 PM','DD-MON-RR HH.MI.SSXFF AM'),null,null,'A','INSERT');
--------------------------------------------------------
--  DDL for Index FIDE_CANTON_TB_ID_CANTON_PK
--------------------------------------------------------

  CREATE UNIQUE INDEX "FIDE_ROPASCLARAS"."FIDE_CANTON_TB_ID_CANTON_PK" ON "FIDE_ROPASCLARAS"."FIDE_CANTON_TB" ("ID_CANTON") 
  PCTFREE 10 INITRANS 2 MAXTRANS 255 
  STORAGE(INITIAL 65536 NEXT 1048576 MINEXTENTS 1 MAXEXTENTS 2147483645
  PCTINCREASE 0 FREELISTS 1 FREELIST GROUPS 1
  BUFFER_POOL DEFAULT FLASH_CACHE DEFAULT CELL_FLASH_CACHE DEFAULT)
  TABLESPACE "FIDE_ROPASCLARAS_FINAL_TBS" ;
--------------------------------------------------------
--  DDL for Index FIDE_CARRITO_TB_ID_CARRITO_PK
--------------------------------------------------------

  CREATE UNIQUE INDEX "FIDE_ROPASCLARAS"."FIDE_CARRITO_TB_ID_CARRITO_PK" ON "FIDE_ROPASCLARAS"."FIDE_CARRITO_TB" ("ID_CARRITO") 
  PCTFREE 10 INITRANS 2 MAXTRANS 255 
  STORAGE(INITIAL 65536 NEXT 1048576 MINEXTENTS 1 MAXEXTENTS 2147483645
  PCTINCREASE 0 FREELISTS 1 FREELIST GROUPS 1
  BUFFER_POOL DEFAULT FLASH_CACHE DEFAULT CELL_FLASH_CACHE DEFAULT)
  TABLESPACE "FIDE_ROPASCLARAS_FINAL_TBS" ;
--------------------------------------------------------
--  DDL for Index FIDE_CARRITO_TB_ID_CARRITO_TEMP_PK
--------------------------------------------------------

  CREATE UNIQUE INDEX "FIDE_ROPASCLARAS"."FIDE_CARRITO_TB_ID_CARRITO_TEMP_PK" ON "FIDE_ROPASCLARAS"."FIDE_CARRITO_TEMP_TB" ("ID_CARRITO_TEMP") 
  PCTFREE 10 INITRANS 2 MAXTRANS 255 
  TABLESPACE "FIDE_ROPASCLARAS_FINAL_TBS" ;
--------------------------------------------------------
--  DDL for Index FIDE_CLIENTES_TB_CEDULA_UQ
--------------------------------------------------------

  CREATE UNIQUE INDEX "FIDE_ROPASCLARAS"."FIDE_CLIENTES_TB_CEDULA_UQ" ON "FIDE_ROPASCLARAS"."FIDE_CLIENTES_TB" ("CEDULA") 
  PCTFREE 10 INITRANS 2 MAXTRANS 255 
  STORAGE(INITIAL 65536 NEXT 1048576 MINEXTENTS 1 MAXEXTENTS 2147483645
  PCTINCREASE 0 FREELISTS 1 FREELIST GROUPS 1
  BUFFER_POOL DEFAULT FLASH_CACHE DEFAULT CELL_FLASH_CACHE DEFAULT)
  TABLESPACE "FIDE_ROPASCLARAS_FINAL_TBS" ;
--------------------------------------------------------
--  DDL for Index FIDE_CLIENTES_TB_CORREO_UQ
--------------------------------------------------------

  CREATE UNIQUE INDEX "FIDE_ROPASCLARAS"."FIDE_CLIENTES_TB_CORREO_UQ" ON "FIDE_ROPASCLARAS"."FIDE_CLIENTES_TB" ("CORREO") 
  PCTFREE 10 INITRANS 2 MAXTRANS 255 
  STORAGE(INITIAL 65536 NEXT 1048576 MINEXTENTS 1 MAXEXTENTS 2147483645
  PCTINCREASE 0 FREELISTS 1 FREELIST GROUPS 1
  BUFFER_POOL DEFAULT FLASH_CACHE DEFAULT CELL_FLASH_CACHE DEFAULT)
  TABLESPACE "FIDE_ROPASCLARAS_FINAL_TBS" ;
--------------------------------------------------------
--  DDL for Index FIDE_CLIENTES_TB_ID_CLIENTE_PK
--------------------------------------------------------

  CREATE UNIQUE INDEX "FIDE_ROPASCLARAS"."FIDE_CLIENTES_TB_ID_CLIENTE_PK" ON "FIDE_ROPASCLARAS"."FIDE_CLIENTES_TB" ("ID_CLIENTE") 
  PCTFREE 10 INITRANS 2 MAXTRANS 255 
  STORAGE(INITIAL 65536 NEXT 1048576 MINEXTENTS 1 MAXEXTENTS 2147483645
  PCTINCREASE 0 FREELISTS 1 FREELIST GROUPS 1
  BUFFER_POOL DEFAULT FLASH_CACHE DEFAULT CELL_FLASH_CACHE DEFAULT)
  TABLESPACE "FIDE_ROPASCLARAS_FINAL_TBS" ;
--------------------------------------------------------
--  DDL for Index FIDE_DISTRITO_TB_ID_DISTRITO_PK
--------------------------------------------------------

  CREATE UNIQUE INDEX "FIDE_ROPASCLARAS"."FIDE_DISTRITO_TB_ID_DISTRITO_PK" ON "FIDE_ROPASCLARAS"."FIDE_DISTRITO_TB" ("ID_DISTRITO") 
  PCTFREE 10 INITRANS 2 MAXTRANS 255 
  STORAGE(INITIAL 65536 NEXT 1048576 MINEXTENTS 1 MAXEXTENTS 2147483645
  PCTINCREASE 0 FREELISTS 1 FREELIST GROUPS 1
  BUFFER_POOL DEFAULT FLASH_CACHE DEFAULT CELL_FLASH_CACHE DEFAULT)
  TABLESPACE "FIDE_ROPASCLARAS_FINAL_TBS" ;
--------------------------------------------------------
--  DDL for Index FIDE_EMPRESA_ENVIOS_TB_ID_MENSAJERO_PK
--------------------------------------------------------

  CREATE UNIQUE INDEX "FIDE_ROPASCLARAS"."FIDE_EMPRESA_ENVIOS_TB_ID_MENSAJERO_PK" ON "FIDE_ROPASCLARAS"."FIDE_EMPRESA_ENVIOS_TB" ("ID_MENSAJERO") 
  PCTFREE 10 INITRANS 2 MAXTRANS 255 
  TABLESPACE "FIDE_ROPASCLARAS_FINAL_TBS" ;
--------------------------------------------------------
--  DDL for Index FIDE_ENVIOS_TB_ID_ENVIOS_PK
--------------------------------------------------------

  CREATE UNIQUE INDEX "FIDE_ROPASCLARAS"."FIDE_ENVIOS_TB_ID_ENVIOS_PK" ON "FIDE_ROPASCLARAS"."FIDE_ENVIOS_TB" ("ID_ENVIOS") 
  PCTFREE 10 INITRANS 2 MAXTRANS 255 
  TABLESPACE "FIDE_ROPASCLARAS_FINAL_TBS" ;
--------------------------------------------------------
--  DDL for Index FIDE_ESTADO_TB_ID_ESTADO_PK
--------------------------------------------------------

  CREATE UNIQUE INDEX "FIDE_ROPASCLARAS"."FIDE_ESTADO_TB_ID_ESTADO_PK" ON "FIDE_ROPASCLARAS"."FIDE_ESTADO_TB" ("ID_ESTADO") 
  PCTFREE 10 INITRANS 2 MAXTRANS 255 
  STORAGE(INITIAL 65536 NEXT 1048576 MINEXTENTS 1 MAXEXTENTS 2147483645
  PCTINCREASE 0 FREELISTS 1 FREELIST GROUPS 1
  BUFFER_POOL DEFAULT FLASH_CACHE DEFAULT CELL_FLASH_CACHE DEFAULT)
  TABLESPACE "FIDE_ROPASCLARAS_FINAL_TBS" ;
--------------------------------------------------------
--  DDL for Index FIDE_FACTURA_TB_ID_FACTURA_PK
--------------------------------------------------------

  CREATE UNIQUE INDEX "FIDE_ROPASCLARAS"."FIDE_FACTURA_TB_ID_FACTURA_PK" ON "FIDE_ROPASCLARAS"."FIDE_FACTURA_TB" ("ID_FACTURA") 
  PCTFREE 10 INITRANS 2 MAXTRANS 255 
  TABLESPACE "FIDE_ROPASCLARAS_FINAL_TBS" ;
--------------------------------------------------------
--  DDL for Index FIDE_FEEDBACK_TB_ID_FEEDBACK_PK
--------------------------------------------------------

  CREATE UNIQUE INDEX "FIDE_ROPASCLARAS"."FIDE_FEEDBACK_TB_ID_FEEDBACK_PK" ON "FIDE_ROPASCLARAS"."FIDE_FEEDBACK_TB" ("ID_FEEDBACK") 
  PCTFREE 10 INITRANS 2 MAXTRANS 255 
  STORAGE(INITIAL 65536 NEXT 1048576 MINEXTENTS 1 MAXEXTENTS 2147483645
  PCTINCREASE 0 FREELISTS 1 FREELIST GROUPS 1
  BUFFER_POOL DEFAULT FLASH_CACHE DEFAULT CELL_FLASH_CACHE DEFAULT)
  TABLESPACE "FIDE_ROPASCLARAS_FINAL_TBS" ;
--------------------------------------------------------
--  DDL for Index FIDE_INVENTARIO_TB_ID_PRODUCTO_PK
--------------------------------------------------------

  CREATE UNIQUE INDEX "FIDE_ROPASCLARAS"."FIDE_INVENTARIO_TB_ID_PRODUCTO_PK" ON "FIDE_ROPASCLARAS"."FIDE_INVENTARIO_TB" ("ID_PRODUCTO") 
  PCTFREE 10 INITRANS 2 MAXTRANS 255 
  STORAGE(INITIAL 65536 NEXT 1048576 MINEXTENTS 1 MAXEXTENTS 2147483645
  PCTINCREASE 0 FREELISTS 1 FREELIST GROUPS 1
  BUFFER_POOL DEFAULT FLASH_CACHE DEFAULT CELL_FLASH_CACHE DEFAULT)
  TABLESPACE "FIDE_ROPASCLARAS_FINAL_TBS" ;
--------------------------------------------------------
--  DDL for Index FIDE_METODO_PAGO_TB_ID_METODO_PK
--------------------------------------------------------

  CREATE UNIQUE INDEX "FIDE_ROPASCLARAS"."FIDE_METODO_PAGO_TB_ID_METODO_PK" ON "FIDE_ROPASCLARAS"."FIDE_METODO_PAGO_TB" ("ID_METODO") 
  PCTFREE 10 INITRANS 2 MAXTRANS 255 
  TABLESPACE "FIDE_ROPASCLARAS_FINAL_TBS" ;
--------------------------------------------------------
--  DDL for Index FIDE_PAIS_TB_ID_PAIS_PK
--------------------------------------------------------

  CREATE UNIQUE INDEX "FIDE_ROPASCLARAS"."FIDE_PAIS_TB_ID_PAIS_PK" ON "FIDE_ROPASCLARAS"."FIDE_PAIS_TB" ("ID_PAIS") 
  PCTFREE 10 INITRANS 2 MAXTRANS 255 
  STORAGE(INITIAL 65536 NEXT 1048576 MINEXTENTS 1 MAXEXTENTS 2147483645
  PCTINCREASE 0 FREELISTS 1 FREELIST GROUPS 1
  BUFFER_POOL DEFAULT FLASH_CACHE DEFAULT CELL_FLASH_CACHE DEFAULT)
  TABLESPACE "FIDE_ROPASCLARAS_FINAL_TBS" ;
--------------------------------------------------------
--  DDL for Index FIDE_PROVEEDORES_TB_ID_PROVEEDOR_PK
--------------------------------------------------------

  CREATE UNIQUE INDEX "FIDE_ROPASCLARAS"."FIDE_PROVEEDORES_TB_ID_PROVEEDOR_PK" ON "FIDE_ROPASCLARAS"."FIDE_PROVEEDORES_TB" ("ID_PROVEEDOR") 
  PCTFREE 10 INITRANS 2 MAXTRANS 255 
  STORAGE(INITIAL 65536 NEXT 1048576 MINEXTENTS 1 MAXEXTENTS 2147483645
  PCTINCREASE 0 FREELISTS 1 FREELIST GROUPS 1
  BUFFER_POOL DEFAULT FLASH_CACHE DEFAULT CELL_FLASH_CACHE DEFAULT)
  TABLESPACE "FIDE_ROPASCLARAS_FINAL_TBS" ;
--------------------------------------------------------
--  DDL for Index FIDE_PROVINCIA_TB_ID_PROVINCIA_PK
--------------------------------------------------------

  CREATE UNIQUE INDEX "FIDE_ROPASCLARAS"."FIDE_PROVINCIA_TB_ID_PROVINCIA_PK" ON "FIDE_ROPASCLARAS"."FIDE_PROVINCIA_TB" ("ID_PROVINCIA") 
  PCTFREE 10 INITRANS 2 MAXTRANS 255 
  STORAGE(INITIAL 65536 NEXT 1048576 MINEXTENTS 1 MAXEXTENTS 2147483645
  PCTINCREASE 0 FREELISTS 1 FREELIST GROUPS 1
  BUFFER_POOL DEFAULT FLASH_CACHE DEFAULT CELL_FLASH_CACHE DEFAULT)
  TABLESPACE "FIDE_ROPASCLARAS_FINAL_TBS" ;
--------------------------------------------------------
--  DDL for Trigger FIDE_CANTON_TB_TRG
--------------------------------------------------------

  CREATE OR REPLACE EDITIONABLE TRIGGER "FIDE_ROPASCLARAS"."FIDE_CANTON_TB_TRG" 
BEFORE INSERT OR UPDATE ON FIDE_CANTON_TB
FOR EACH ROW
BEGIN
    IF INSERTING THEN
        IF :NEW.ID_Canton IS NULL THEN
            SELECT ID_CANTON_SEQ.NEXTVAL INTO :NEW.ID_Canton FROM DUAL;
        END IF;
        :NEW.FECHA_CREACION := SYSTIMESTAMP;
        :NEW.CREADO_POR := USER;
        :NEW.ACCION := 'INSERT';
        :NEW.ESTADO := 'A';
    ELSE
        :NEW.FECHA_MODIFICACION := SYSTIMESTAMP;
        :NEW.MODIFICADO_POR := USER;
        :NEW.ACCION := 'UPDATE';
    END IF;
END;

/
ALTER TRIGGER "FIDE_ROPASCLARAS"."FIDE_CANTON_TB_TRG" ENABLE;
--------------------------------------------------------
--  DDL for Trigger FIDE_CARRITO_TB_TRG
--------------------------------------------------------

  CREATE OR REPLACE EDITIONABLE TRIGGER "FIDE_ROPASCLARAS"."FIDE_CARRITO_TB_TRG" 
BEFORE INSERT OR UPDATE ON FIDE_CARRITO_TB
FOR EACH ROW
BEGIN
    IF INSERTING THEN
        IF :NEW.ID_Carrito IS NULL THEN
            SELECT ID_CARRITO_SEQ.NEXTVAL INTO :NEW.ID_Carrito FROM DUAL;
        END IF;
        :NEW.FECHA_CREACION := SYSTIMESTAMP;
        :NEW.CREADO_POR := USER;
        :NEW.ACCION := 'INSERT';
        :NEW.ESTADO := 'A';
    ELSE
        :NEW.FECHA_MODIFICACION := SYSTIMESTAMP;
        :NEW.MODIFICADO_POR := USER;
        :NEW.ACCION := 'UPDATE';
    END IF;
END;

/
ALTER TRIGGER "FIDE_ROPASCLARAS"."FIDE_CARRITO_TB_TRG" ENABLE;
--------------------------------------------------------
--  DDL for Trigger FIDE_CARRITO_TEMP_TB_TRG
--------------------------------------------------------

  CREATE OR REPLACE EDITIONABLE TRIGGER "FIDE_ROPASCLARAS"."FIDE_CARRITO_TEMP_TB_TRG" 
BEFORE INSERT OR UPDATE ON FIDE_CARRITO_TEMP_TB
FOR EACH ROW
BEGIN
    IF INSERTING THEN
        IF :NEW.ID_Carrito_Temp IS NULL THEN
            SELECT ID_CARRITO_TEMP_SEQ.NEXTVAL INTO :NEW.ID_Carrito_Temp FROM DUAL;
        END IF;
        :NEW.FECHA_CREACION := SYSTIMESTAMP;
        :NEW.CREADO_POR := USER;
        :NEW.ACCION := 'INSERT';
        :NEW.ESTADO := 'A';
    ELSE
        :NEW.FECHA_MODIFICACION := SYSTIMESTAMP;
        :NEW.MODIFICADO_POR := USER;
        :NEW.ACCION := 'UPDATE';
    END IF;
END;

/
ALTER TRIGGER "FIDE_ROPASCLARAS"."FIDE_CARRITO_TEMP_TB_TRG" ENABLE;
--------------------------------------------------------
--  DDL for Trigger FIDE_CLIENTES_TB_TRG
--------------------------------------------------------

  CREATE OR REPLACE EDITIONABLE TRIGGER "FIDE_ROPASCLARAS"."FIDE_CLIENTES_TB_TRG" 
BEFORE INSERT OR UPDATE ON FIDE_CLIENTES_TB
FOR EACH ROW
BEGIN
    IF INSERTING THEN
        IF :NEW.ID_Cliente IS NULL THEN
            SELECT ID_CLIENTES_SEQ.NEXTVAL INTO :NEW.ID_Cliente FROM DUAL;
        END IF;
        :NEW.FECHA_CREACION := SYSTIMESTAMP;
        :NEW.CREADO_POR := USER;
        :NEW.ACCION := 'INSERT';
        :NEW.ESTADO := 'A';
    ELSE
        :NEW.FECHA_MODIFICACION := SYSTIMESTAMP;
        :NEW.MODIFICADO_POR := USER;
        :NEW.ACCION := 'UPDATE';
    END IF;
END;

/
ALTER TRIGGER "FIDE_ROPASCLARAS"."FIDE_CLIENTES_TB_TRG" ENABLE;
--------------------------------------------------------
--  DDL for Trigger FIDE_DISTRITO_TB_TRG
--------------------------------------------------------

  CREATE OR REPLACE EDITIONABLE TRIGGER "FIDE_ROPASCLARAS"."FIDE_DISTRITO_TB_TRG" 
BEFORE INSERT OR UPDATE ON FIDE_DISTRITO_TB
FOR EACH ROW
BEGIN
    IF INSERTING THEN
        IF :NEW.ID_Distrito IS NULL THEN
            SELECT ID_DISTRITO_SEQ.NEXTVAL INTO :NEW.ID_Distrito FROM DUAL;
        END IF;
        :NEW.FECHA_CREACION := SYSTIMESTAMP;
        :NEW.CREADO_POR := USER;
        :NEW.ACCION := 'INSERT';
        :NEW.ESTADO := 'A';
    ELSE
        :NEW.FECHA_MODIFICACION := SYSTIMESTAMP;
        :NEW.MODIFICADO_POR := USER;
        :NEW.ACCION := 'UPDATE';
    END IF;
END;

/
ALTER TRIGGER "FIDE_ROPASCLARAS"."FIDE_DISTRITO_TB_TRG" ENABLE;
--------------------------------------------------------
--  DDL for Trigger FIDE_EMPRESA_ENVIOS_TB_TRG
--------------------------------------------------------

  CREATE OR REPLACE EDITIONABLE TRIGGER "FIDE_ROPASCLARAS"."FIDE_EMPRESA_ENVIOS_TB_TRG" 
BEFORE INSERT OR UPDATE ON FIDE_EMPRESA_ENVIOS_TB
FOR EACH ROW
BEGIN
    IF INSERTING THEN
        IF :NEW.ID_Mensajero IS NULL THEN
            SELECT ID_EMPRESA_ENVIOS_SEQ.NEXTVAL INTO :NEW.ID_Mensajero FROM DUAL;
        END IF;
        :NEW.FECHA_CREACION := SYSTIMESTAMP;
        :NEW.CREADO_POR := USER;
        :NEW.ACCION := 'INSERT';
        :NEW.ESTADO := 'A';
    ELSE
        :NEW.FECHA_MODIFICACION := SYSTIMESTAMP;
        :NEW.MODIFICADO_POR := USER;
        :NEW.ACCION := 'UPDATE';
    END IF;
END;
/
ALTER TRIGGER "FIDE_ROPASCLARAS"."FIDE_EMPRESA_ENVIOS_TB_TRG" ENABLE;
--------------------------------------------------------
--  DDL for Trigger FIDE_ENVIOS_TB_TRG
--------------------------------------------------------

  CREATE OR REPLACE EDITIONABLE TRIGGER "FIDE_ROPASCLARAS"."FIDE_ENVIOS_TB_TRG" 
BEFORE INSERT OR UPDATE ON FIDE_ENVIOS_TB
FOR EACH ROW
BEGIN
    IF INSERTING THEN
        IF :NEW.ID_Envios IS NULL THEN
            SELECT ID_ENVIOS_SEQ.NEXTVAL INTO :NEW.ID_Envios FROM DUAL;
        END IF;
        :NEW.FECHA_CREACION := SYSTIMESTAMP;
        :NEW.CREADO_POR := USER;
        :NEW.ACCION := 'INSERT';
        :NEW.ESTADO := 'A';
    ELSE
        :NEW.FECHA_MODIFICACION := SYSTIMESTAMP;
        :NEW.MODIFICADO_POR := USER;
        :NEW.ACCION := 'UPDATE';
    END IF;
END;

/
ALTER TRIGGER "FIDE_ROPASCLARAS"."FIDE_ENVIOS_TB_TRG" ENABLE;
--------------------------------------------------------
--  DDL for Trigger FIDE_ESTADO_TB_TRG
--------------------------------------------------------

  CREATE OR REPLACE EDITIONABLE TRIGGER "FIDE_ROPASCLARAS"."FIDE_ESTADO_TB_TRG" 
BEFORE INSERT OR UPDATE ON FIDE_ESTADO_TB
FOR EACH ROW
BEGIN
    IF INSERTING THEN
        IF :NEW.ID_Estado IS NULL THEN
            SELECT ID_ESTADO_SEQ.NEXTVAL INTO :NEW.ID_Estado FROM DUAL;
        END IF;
        :NEW.FECHA_CREACION := SYSTIMESTAMP;
        :NEW.CREADO_POR := USER;
        :NEW.ACCION := 'INSERT';
        :NEW.ESTADO := 'A';
    ELSE
        :NEW.FECHA_MODIFICACION := SYSTIMESTAMP;
        :NEW.MODIFICADO_POR := USER;
        :NEW.ACCION := 'UPDATE';
    END IF;
END;

/
ALTER TRIGGER "FIDE_ROPASCLARAS"."FIDE_ESTADO_TB_TRG" ENABLE;
--------------------------------------------------------
--  DDL for Trigger FIDE_FACTURA_TB_TRG
--------------------------------------------------------

  CREATE OR REPLACE EDITIONABLE TRIGGER "FIDE_ROPASCLARAS"."FIDE_FACTURA_TB_TRG" 
BEFORE INSERT OR UPDATE ON FIDE_FACTURA_TB
FOR EACH ROW
BEGIN
    IF INSERTING THEN
        IF :NEW.ID_Factura IS NULL THEN
            SELECT ID_FACTURA_SEQ.NEXTVAL INTO :NEW.ID_Factura FROM DUAL;
        END IF;
        :NEW.FECHA_CREACION := SYSTIMESTAMP;
        :NEW.CREADO_POR := USER;
        :NEW.ACCION := 'INSERT';
        :NEW.ESTADO := 'A';
    ELSE
        :NEW.FECHA_MODIFICACION := SYSTIMESTAMP;
        :NEW.MODIFICADO_POR := USER;
        :NEW.ACCION := 'UPDATE';
    END IF;
END;

/
ALTER TRIGGER "FIDE_ROPASCLARAS"."FIDE_FACTURA_TB_TRG" ENABLE;
--------------------------------------------------------
--  DDL for Trigger FIDE_FEEDBACK_TB_TRG
--------------------------------------------------------

  CREATE OR REPLACE EDITIONABLE TRIGGER "FIDE_ROPASCLARAS"."FIDE_FEEDBACK_TB_TRG" 
BEFORE INSERT OR UPDATE ON FIDE_FEEDBACK_TB
FOR EACH ROW
BEGIN
    IF INSERTING THEN
        IF :NEW.ID_Feedback IS NULL THEN
            SELECT ID_FEEDBACK_SEQ.NEXTVAL INTO :NEW.ID_Feedback FROM DUAL;
        END IF;
        :NEW.FECHA_CREACION := SYSTIMESTAMP;
        :NEW.CREADO_POR := USER;
        :NEW.ACCION := 'INSERT';
        :NEW.ESTADO := 'A';
    ELSE
        :NEW.FECHA_MODIFICACION := SYSTIMESTAMP;
        :NEW.MODIFICADO_POR := USER;
        :NEW.ACCION := 'UPDATE';
    END IF;
END;

/
ALTER TRIGGER "FIDE_ROPASCLARAS"."FIDE_FEEDBACK_TB_TRG" ENABLE;
--------------------------------------------------------
--  DDL for Trigger FIDE_INVENTARIO_TB_TRG
--------------------------------------------------------

  CREATE OR REPLACE EDITIONABLE TRIGGER "FIDE_ROPASCLARAS"."FIDE_INVENTARIO_TB_TRG" 
BEFORE INSERT OR UPDATE ON FIDE_INVENTARIO_TB
FOR EACH ROW
BEGIN
    IF INSERTING THEN
        IF :NEW.ID_Producto IS NULL THEN
            SELECT ID_INVENTARIO_SEQ.NEXTVAL INTO :NEW.ID_Producto FROM DUAL;
        END IF;
        :NEW.FECHA_CREACION := SYSTIMESTAMP;
        :NEW.CREADO_POR := USER;
        :NEW.ACCION := 'INSERT';
        :NEW.ESTADO := 'A';
    ELSE
        :NEW.FECHA_MODIFICACION := SYSTIMESTAMP;
        :NEW.MODIFICADO_POR := USER;
        :NEW.ACCION := 'UPDATE';
    END IF;
END;

/
ALTER TRIGGER "FIDE_ROPASCLARAS"."FIDE_INVENTARIO_TB_TRG" ENABLE;
--------------------------------------------------------
--  DDL for Trigger FIDE_METODO_PAGO_TB_TRG
--------------------------------------------------------

  CREATE OR REPLACE EDITIONABLE TRIGGER "FIDE_ROPASCLARAS"."FIDE_METODO_PAGO_TB_TRG" 
BEFORE INSERT OR UPDATE ON FIDE_METODO_PAGO_TB
FOR EACH ROW
BEGIN
    IF INSERTING THEN
        IF :NEW.ID_Metodo IS NULL THEN
            SELECT ID_METODO_PAGO_SEQ.NEXTVAL INTO :NEW.ID_Metodo FROM DUAL;
        END IF;
        :NEW.FECHA_CREACION := SYSTIMESTAMP;
        :NEW.CREADO_POR := USER;
        :NEW.ACCION := 'INSERT';
        :NEW.ESTADO := 'A';
    ELSE
        :NEW.FECHA_MODIFICACION := SYSTIMESTAMP;
        :NEW.MODIFICADO_POR := USER;
        :NEW.ACCION := 'UPDATE';
    END IF;
END;

/
ALTER TRIGGER "FIDE_ROPASCLARAS"."FIDE_METODO_PAGO_TB_TRG" ENABLE;
--------------------------------------------------------
--  DDL for Trigger FIDE_PAIS_TB_TRG
--------------------------------------------------------

  CREATE OR REPLACE EDITIONABLE TRIGGER "FIDE_ROPASCLARAS"."FIDE_PAIS_TB_TRG" 
BEFORE INSERT OR UPDATE ON FIDE_PAIS_TB
FOR EACH ROW
BEGIN
    IF INSERTING THEN
        IF :NEW.ID_Pais IS NULL THEN
            SELECT ID_PAIS_SEQ.NEXTVAL INTO :NEW.ID_Pais FROM DUAL;
        END IF;
        :NEW.FECHA_CREACION := SYSTIMESTAMP;
        :NEW.CREADO_POR := USER;
        :NEW.ACCION := 'INSERT';
        :NEW.ESTADO := 'A';
    ELSE
        :NEW.FECHA_MODIFICACION := SYSTIMESTAMP;
        :NEW.MODIFICADO_POR := USER;
        :NEW.ACCION := 'UPDATE';
    END IF;
END;

/
ALTER TRIGGER "FIDE_ROPASCLARAS"."FIDE_PAIS_TB_TRG" ENABLE;
--------------------------------------------------------
--  DDL for Trigger FIDE_PROVEEDORES_TB_TRG
--------------------------------------------------------

  CREATE OR REPLACE EDITIONABLE TRIGGER "FIDE_ROPASCLARAS"."FIDE_PROVEEDORES_TB_TRG" 
BEFORE INSERT OR UPDATE ON FIDE_PROVEEDORES_TB
FOR EACH ROW
BEGIN
    IF INSERTING THEN
        IF :NEW.ID_Proveedor IS NULL THEN
            SELECT ID_PROVEEDORES_SEQ.NEXTVAL INTO :NEW.ID_Proveedor FROM DUAL;
        END IF;
        :NEW.FECHA_CREACION := SYSTIMESTAMP;
        :NEW.CREADO_POR := USER;
        :NEW.ACCION := 'INSERT';
        :NEW.ESTADO := 'A';
    ELSE
        :NEW.FECHA_MODIFICACION := SYSTIMESTAMP;
        :NEW.MODIFICADO_POR := USER;
        :NEW.ACCION := 'UPDATE';
    END IF;
END;

/
ALTER TRIGGER "FIDE_ROPASCLARAS"."FIDE_PROVEEDORES_TB_TRG" ENABLE;
--------------------------------------------------------
--  DDL for Trigger FIDE_PROVINCIA_TB_TRG
--------------------------------------------------------

  CREATE OR REPLACE EDITIONABLE TRIGGER "FIDE_ROPASCLARAS"."FIDE_PROVINCIA_TB_TRG" 
BEFORE INSERT OR UPDATE ON FIDE_PROVINCIA_TB
FOR EACH ROW
BEGIN
    IF INSERTING THEN
        IF :NEW.ID_Provincia IS NULL THEN
            SELECT ID_PROVINCIA_SEQ.NEXTVAL INTO :NEW.ID_Provincia FROM DUAL;
        END IF;
        :NEW.FECHA_CREACION := SYSTIMESTAMP;
        :NEW.CREADO_POR := USER;
        :NEW.ACCION := 'INSERT';
        :NEW.ESTADO := 'A';
    ELSE
        :NEW.FECHA_MODIFICACION := SYSTIMESTAMP;
        :NEW.MODIFICADO_POR := USER;
        :NEW.ACCION := 'UPDATE';
    END IF;
END;

/
ALTER TRIGGER "FIDE_ROPASCLARAS"."FIDE_PROVINCIA_TB_TRG" ENABLE;
--------------------------------------------------------
--  DDL for Procedure FIDE_CANTON_TB_INSERTAR_SP
--------------------------------------------------------
set define off;

  CREATE OR REPLACE EDITIONABLE PROCEDURE "FIDE_ROPASCLARAS"."FIDE_CANTON_TB_INSERTAR_SP" (
    V_Nombre IN VARCHAR2
) IS
BEGIN
    INSERT INTO FIDE_CANTON_TB (Nombre)
    VALUES (V_Nombre);
    COMMIT;
END FIDE_CANTON_TB_INSERTAR_SP;

/
--------------------------------------------------------
--  DDL for Procedure FIDE_CARRITO_TB_INSERTAR_SP
--------------------------------------------------------
set define off;

  CREATE OR REPLACE EDITIONABLE PROCEDURE "FIDE_ROPASCLARAS"."FIDE_CARRITO_TB_INSERTAR_SP" (
    V_Producto_ID IN NUMBER,
    V_Cantidad IN NUMBER,
    V_Subtotal IN NUMBER,
    V_Estado_ID IN NUMBER,
    V_Cliente_ID IN NUMBER
) IS
BEGIN
    INSERT INTO FIDE_CARRITO_TB (Producto_ID, Cantidad, Subtotal, Estado_ID, Cliente_ID)
    VALUES (V_Producto_ID, V_Cantidad, V_Subtotal, V_Estado_ID, V_Cliente_ID);
    COMMIT;
END FIDE_CARRITO_TB_INSERTAR_SP;

/
--------------------------------------------------------
--  DDL for Procedure FIDE_CARRITO_TEMP_TB_INSERTAR_SP
--------------------------------------------------------
set define off;

  CREATE OR REPLACE EDITIONABLE PROCEDURE "FIDE_ROPASCLARAS"."FIDE_CARRITO_TEMP_TB_INSERTAR_SP" (
    V_Producto_ID IN NUMBER,
    V_Cantidad IN NUMBER,
    V_Subtotal IN NUMBER,
    V_Estado_ID IN NUMBER,
    V_Cliente_ID IN NUMBER
) IS
BEGIN
    INSERT INTO FIDE_CARRITO_TB (Producto_ID, Cantidad, Subtotal, Estado_ID, Cliente_ID)
    VALUES (V_Producto_ID, V_Cantidad, V_Subtotal, V_Estado_ID, V_Cliente_ID);
    COMMIT;
END FIDE_CARRITO_TEMP_TB_INSERTAR_SP;

/
--------------------------------------------------------
--  DDL for Procedure FIDE_CLIENTES_TB_INSERTAR_SP
--------------------------------------------------------
set define off;

  CREATE OR REPLACE EDITIONABLE PROCEDURE "FIDE_ROPASCLARAS"."FIDE_CLIENTES_TB_INSERTAR_SP" (
    V_Nombre IN VARCHAR2,
    V_Telefono IN VARCHAR2,
    V_Cedula IN NUMBER,
    V_Correo IN VARCHAR2,
    V_Pais IN NUMBER,
    V_Provincia IN NUMBER,
    V_Canton IN NUMBER,
    V_Distrito IN NUMBER,
    V_Foto IN BLOB,
    V_Estado_ID IN NUMBER
) 
AS 
BEGIN
    INSERT INTO FIDE_CLIENTES_TB (
        Nombre, Telefono, Cedula, Correo, 
        Pais, Provincia, Canton, Distrito, Foto, 
        Estado_ID
    ) VALUES (
        V_Nombre, 
        V_Telefono, 
        V_Cedula, 
        V_Correo, 
        V_Pais, 
        V_Provincia, 
        V_Canton, 
        V_Distrito, 
        V_Foto, 
        V_Estado_ID 
    );
    COMMIT;
END FIDE_CLIENTES_TB_INSERTAR_SP;

/
--------------------------------------------------------
--  DDL for Procedure FIDE_DISTRITO_TB_INSERTAR_SP
--------------------------------------------------------
set define off;

  CREATE OR REPLACE EDITIONABLE PROCEDURE "FIDE_ROPASCLARAS"."FIDE_DISTRITO_TB_INSERTAR_SP" (
    V_Nombre IN VARCHAR2
) IS
BEGIN
    INSERT INTO FIDE_DISTRITO_TB (Nombre)
    VALUES (V_Nombre);
    COMMIT;
END FIDE_DISTRITO_TB_INSERTAR_SP;

/
--------------------------------------------------------
--  DDL for Procedure FIDE_EMPRESA_ENVIOS_TB_INSERTAR_SP
--------------------------------------------------------
set define off;

  CREATE OR REPLACE EDITIONABLE PROCEDURE "FIDE_ROPASCLARAS"."FIDE_EMPRESA_ENVIOS_TB_INSERTAR_SP" (
    V_Empresa IN VARCHAR2,
    V_Precio IN NUMBER,
    V_Estado_ID IN NUMBER
) IS
BEGIN
    INSERT INTO FIDE_EMPRESA_ENVIOS_TB (Empresa, Precio, Estado_ID)
    VALUES (V_Empresa, V_Precio, V_Estado_ID);
    COMMIT;
END FIDE_EMPRESA_ENVIOS_TB_INSERTAR_SP;

/
--------------------------------------------------------
--  DDL for Procedure FIDE_ENVIOS_TB_INSERTAR_SP
--------------------------------------------------------
set define off;

  CREATE OR REPLACE EDITIONABLE PROCEDURE "FIDE_ROPASCLARAS"."FIDE_ENVIOS_TB_INSERTAR_SP" (
    V_Cliente_ID IN NUMBER, 
    V_Producto_ID IN NUMBER,
    V_Empresa_ID IN NUMBER, 
    V_Estado_ID IN NUMBER  
) IS
BEGIN
    INSERT INTO FIDE_ENVIOS_TB (Cliente_ID, Producto_ID,Empresa_ID, Estado_ID)
    VALUES (V_Cliente_ID, V_Producto_ID, V_Empresa_ID, V_Estado_ID);
    COMMIT;
END FIDE_ENVIOS_TB_INSERTAR_SP;

/
--------------------------------------------------------
--  DDL for Procedure FIDE_ESTADO_TB_INSERTAR_SP
--------------------------------------------------------
set define off;

  CREATE OR REPLACE EDITIONABLE PROCEDURE "FIDE_ROPASCLARAS"."FIDE_ESTADO_TB_INSERTAR_SP" (
    V_Nombre IN VARCHAR2
) IS
BEGIN
    INSERT INTO FIDE_ESTADO_TB (NOMBRE_ESTADO)
    VALUES (V_Nombre);
    COMMIT;
END FIDE_ESTADO_TB_INSERTAR_SP;

/
--------------------------------------------------------
--  DDL for Procedure FIDE_FACTURA_TB_INSERTAR_SP
--------------------------------------------------------
set define off;

  CREATE OR REPLACE EDITIONABLE PROCEDURE "FIDE_ROPASCLARAS"."FIDE_FACTURA_TB_INSERTAR_SP" (
    V_Cliente_ID IN NUMBER, 
    V_Metodo_ID IN NUMBER, 
    V_Detalle IN VARCHAR2,
    V_TotalDeLineas IN NUMBER,
    V_Total IN NUMBER,
    V_Subtotal IN NUMBER,
    V_IVA IN NUMBER,
    V_Costo_Envio IN NUMBER,
    V_Estado_ID IN NUMBER,  
    V_Carrito_ID IN NUMBER
) IS
BEGIN
    INSERT INTO FIDE_FACTURA_TB (
        Cliente_ID, Metodo_ID, Detalle, TotalDeLineas, Total, Subtotal, IVA, Costo_Envio, Estado_ID, Carrito_ID)
    VALUES (V_Cliente_ID, V_Metodo_ID, V_Detalle, V_TotalDeLineas, V_Total, V_Subtotal, V_IVA, V_Costo_Envio, V_Estado_ID, V_Carrito_ID);
    COMMIT;
END FIDE_FACTURA_TB_INSERTAR_SP;

/
--------------------------------------------------------
--  DDL for Procedure FIDE_FEEDBACK_TB_INSERTAR_SP
--------------------------------------------------------
set define off;

  CREATE OR REPLACE EDITIONABLE PROCEDURE "FIDE_ROPASCLARAS"."FIDE_FEEDBACK_TB_INSERTAR_SP" (
    V_Cliente_ID IN NUMBER,
    V_Comentario IN VARCHAR2,
    V_Estado_ID IN NUMBER
) 
AS
BEGIN
    INSERT INTO FIDE_FEEDBACK_TB (
        Cliente_ID, Comentario, Estado_ID
    ) VALUES (
        V_Cliente_ID, V_Comentario, V_Estado_ID
    );

    COMMIT;
END FIDE_FEEDBACK_TB_INSERTAR_SP;

/
--------------------------------------------------------
--  DDL for Procedure FIDE_INVENTARIO_TB_INSERTAR_SP
--------------------------------------------------------
set define off;

  CREATE OR REPLACE EDITIONABLE PROCEDURE "FIDE_ROPASCLARAS"."FIDE_INVENTARIO_TB_INSERTAR_SP" ( 
    V_Nombre IN VARCHAR2,
    V_Imagen IN BLOB,
    V_Precio IN NUMBER,
    V_Detalle IN VARCHAR2,
    V_Cantidad IN NUMBER,
    V_Categoria IN VARCHAR2,
    V_Proveedor_ID IN NUMBER,
    V_Estado_ID IN NUMBER
) IS
BEGIN
    INSERT INTO FIDE_INVENTARIO_TB (Nombre, Imagen, Precio, Detalle, Cantidad, Categoria, Proveedor_ID, ESTADO_ID)
    VALUES (V_Nombre, V_Imagen, V_Precio, V_Detalle, V_Cantidad, V_Categoria, V_Proveedor_ID, V_Estado_ID);
    COMMIT;
END FIDE_INVENTARIO_TB_INSERTAR_SP;

/
--------------------------------------------------------
--  DDL for Procedure FIDE_METODO_PAGO_TB_INSERTAR_SP
--------------------------------------------------------
set define off;

  CREATE OR REPLACE EDITIONABLE PROCEDURE "FIDE_ROPASCLARAS"."FIDE_METODO_PAGO_TB_INSERTAR_SP" (
    V_Descripcion IN VARCHAR2,
    V_Estado_ID IN NUMBER

) IS
BEGIN
    INSERT INTO FIDE_METODO_PAGO_TB (Descripcion, Estado_ID)
    VALUES (V_Descripcion, V_Estado_ID);
    COMMIT;
END FIDE_METODO_PAGO_TB_INSERTAR_SP;

/
--------------------------------------------------------
--  DDL for Procedure FIDE_PAIS_TB_INSERTAR_SP
--------------------------------------------------------
set define off;

  CREATE OR REPLACE EDITIONABLE PROCEDURE "FIDE_ROPASCLARAS"."FIDE_PAIS_TB_INSERTAR_SP" (
    V_Nombre IN VARCHAR2
) IS
BEGIN
    INSERT INTO FIDE_PAIS_TB (Nombre)
    VALUES (V_Nombre);
    COMMIT;
END FIDE_PAIS_TB_INSERTAR_SP;

/
--------------------------------------------------------
--  DDL for Procedure FIDE_PROVEEDORES_TB_INSERTAR_SP
--------------------------------------------------------
set define off;

  CREATE OR REPLACE EDITIONABLE PROCEDURE "FIDE_ROPASCLARAS"."FIDE_PROVEEDORES_TB_INSERTAR_SP" (
    V_Nombre IN VARCHAR2,
    V_Detalles IN VARCHAR2,
    V_Estado_ID NUMBER
) IS
BEGIN
    INSERT INTO FIDE_PROVEEDORES_TB (Nombre, Detalles, Estado_ID)
    VALUES ( V_Nombre, V_Detalles , V_Estado_ID);
    COMMIT;
END FIDE_PROVEEDORES_TB_INSERTAR_SP;

/
--------------------------------------------------------
--  DDL for Procedure FIDE_PROVINCIA_TB_INSERTAR_SP
--------------------------------------------------------
set define off;

  CREATE OR REPLACE EDITIONABLE PROCEDURE "FIDE_ROPASCLARAS"."FIDE_PROVINCIA_TB_INSERTAR_SP" (
    V_Nombre IN VARCHAR2
) IS
BEGIN
    INSERT INTO FIDE_PROVINCIA_TB (Nombre)
    VALUES (V_Nombre);
    COMMIT;
END FIDE_PROVINCIA_TB_INSERTAR_SP;

/
--------------------------------------------------------
--  Constraints for Table FIDE_CARRITO_TEMP_TB
--------------------------------------------------------

  ALTER TABLE "FIDE_ROPASCLARAS"."FIDE_CARRITO_TEMP_TB" ADD CONSTRAINT "FIDE_CARRITO_TB_ID_CARRITO_TEMP_PK" PRIMARY KEY ("ID_CARRITO_TEMP")
  USING INDEX PCTFREE 10 INITRANS 2 MAXTRANS 255 
  TABLESPACE "FIDE_ROPASCLARAS_FINAL_TBS"  ENABLE;
--------------------------------------------------------
--  Constraints for Table FIDE_INVENTARIO_TB
--------------------------------------------------------

  ALTER TABLE "FIDE_ROPASCLARAS"."FIDE_INVENTARIO_TB" ADD CONSTRAINT "FIDE_INVENTARIO_TB_ID_PRODUCTO_PK" PRIMARY KEY ("ID_PRODUCTO")
  USING INDEX PCTFREE 10 INITRANS 2 MAXTRANS 255 
  STORAGE(INITIAL 65536 NEXT 1048576 MINEXTENTS 1 MAXEXTENTS 2147483645
  PCTINCREASE 0 FREELISTS 1 FREELIST GROUPS 1
  BUFFER_POOL DEFAULT FLASH_CACHE DEFAULT CELL_FLASH_CACHE DEFAULT)
  TABLESPACE "FIDE_ROPASCLARAS_FINAL_TBS"  ENABLE;
--------------------------------------------------------
--  Constraints for Table FIDE_PROVEEDORES_TB
--------------------------------------------------------

  ALTER TABLE "FIDE_ROPASCLARAS"."FIDE_PROVEEDORES_TB" ADD CONSTRAINT "FIDE_PROVEEDORES_TB_ID_PROVEEDOR_PK" PRIMARY KEY ("ID_PROVEEDOR")
  USING INDEX PCTFREE 10 INITRANS 2 MAXTRANS 255 
  STORAGE(INITIAL 65536 NEXT 1048576 MINEXTENTS 1 MAXEXTENTS 2147483645
  PCTINCREASE 0 FREELISTS 1 FREELIST GROUPS 1
  BUFFER_POOL DEFAULT FLASH_CACHE DEFAULT CELL_FLASH_CACHE DEFAULT)
  TABLESPACE "FIDE_ROPASCLARAS_FINAL_TBS"  ENABLE;
--------------------------------------------------------
--  Constraints for Table FIDE_FACTURA_TB
--------------------------------------------------------

  ALTER TABLE "FIDE_ROPASCLARAS"."FIDE_FACTURA_TB" ADD CONSTRAINT "FIDE_FACTURA_TB_ID_FACTURA_PK" PRIMARY KEY ("ID_FACTURA")
  USING INDEX PCTFREE 10 INITRANS 2 MAXTRANS 255 
  TABLESPACE "FIDE_ROPASCLARAS_FINAL_TBS"  ENABLE;
--------------------------------------------------------
--  Constraints for Table FIDE_METODO_PAGO_TB
--------------------------------------------------------

  ALTER TABLE "FIDE_ROPASCLARAS"."FIDE_METODO_PAGO_TB" ADD CONSTRAINT "FIDE_METODO_PAGO_TB_ID_METODO_PK" PRIMARY KEY ("ID_METODO")
  USING INDEX PCTFREE 10 INITRANS 2 MAXTRANS 255 
  TABLESPACE "FIDE_ROPASCLARAS_FINAL_TBS"  ENABLE;
--------------------------------------------------------
--  Constraints for Table FIDE_CLIENTES_TB
--------------------------------------------------------

  ALTER TABLE "FIDE_ROPASCLARAS"."FIDE_CLIENTES_TB" ADD CONSTRAINT "FIDE_CLIENTES_TB_ID_CLIENTE_PK" PRIMARY KEY ("ID_CLIENTE")
  USING INDEX PCTFREE 10 INITRANS 2 MAXTRANS 255 
  STORAGE(INITIAL 65536 NEXT 1048576 MINEXTENTS 1 MAXEXTENTS 2147483645
  PCTINCREASE 0 FREELISTS 1 FREELIST GROUPS 1
  BUFFER_POOL DEFAULT FLASH_CACHE DEFAULT CELL_FLASH_CACHE DEFAULT)
  TABLESPACE "FIDE_ROPASCLARAS_FINAL_TBS"  ENABLE;
  ALTER TABLE "FIDE_ROPASCLARAS"."FIDE_CLIENTES_TB" ADD CONSTRAINT "FIDE_CLIENTES_TB_CEDULA_UQ" UNIQUE ("CEDULA")
  USING INDEX PCTFREE 10 INITRANS 2 MAXTRANS 255 
  STORAGE(INITIAL 65536 NEXT 1048576 MINEXTENTS 1 MAXEXTENTS 2147483645
  PCTINCREASE 0 FREELISTS 1 FREELIST GROUPS 1
  BUFFER_POOL DEFAULT FLASH_CACHE DEFAULT CELL_FLASH_CACHE DEFAULT)
  TABLESPACE "FIDE_ROPASCLARAS_FINAL_TBS"  ENABLE;
  ALTER TABLE "FIDE_ROPASCLARAS"."FIDE_CLIENTES_TB" ADD CONSTRAINT "FIDE_CLIENTES_TB_CORREO_UQ" UNIQUE ("CORREO")
  USING INDEX PCTFREE 10 INITRANS 2 MAXTRANS 255 
  STORAGE(INITIAL 65536 NEXT 1048576 MINEXTENTS 1 MAXEXTENTS 2147483645
  PCTINCREASE 0 FREELISTS 1 FREELIST GROUPS 1
  BUFFER_POOL DEFAULT FLASH_CACHE DEFAULT CELL_FLASH_CACHE DEFAULT)
  TABLESPACE "FIDE_ROPASCLARAS_FINAL_TBS"  ENABLE;
--------------------------------------------------------
--  Constraints for Table FIDE_DISTRITO_TB
--------------------------------------------------------

  ALTER TABLE "FIDE_ROPASCLARAS"."FIDE_DISTRITO_TB" ADD CONSTRAINT "FIDE_DISTRITO_TB_ID_DISTRITO_PK" PRIMARY KEY ("ID_DISTRITO")
  USING INDEX PCTFREE 10 INITRANS 2 MAXTRANS 255 
  STORAGE(INITIAL 65536 NEXT 1048576 MINEXTENTS 1 MAXEXTENTS 2147483645
  PCTINCREASE 0 FREELISTS 1 FREELIST GROUPS 1
  BUFFER_POOL DEFAULT FLASH_CACHE DEFAULT CELL_FLASH_CACHE DEFAULT)
  TABLESPACE "FIDE_ROPASCLARAS_FINAL_TBS"  ENABLE;
--------------------------------------------------------
--  Constraints for Table FIDE_ENVIOS_TB
--------------------------------------------------------

  ALTER TABLE "FIDE_ROPASCLARAS"."FIDE_ENVIOS_TB" ADD CONSTRAINT "FIDE_ENVIOS_TB_ID_ENVIOS_PK" PRIMARY KEY ("ID_ENVIOS")
  USING INDEX PCTFREE 10 INITRANS 2 MAXTRANS 255 
  TABLESPACE "FIDE_ROPASCLARAS_FINAL_TBS"  ENABLE;
--------------------------------------------------------
--  Constraints for Table FIDE_CANTON_TB
--------------------------------------------------------

  ALTER TABLE "FIDE_ROPASCLARAS"."FIDE_CANTON_TB" ADD CONSTRAINT "FIDE_CANTON_TB_ID_CANTON_PK" PRIMARY KEY ("ID_CANTON")
  USING INDEX PCTFREE 10 INITRANS 2 MAXTRANS 255 
  STORAGE(INITIAL 65536 NEXT 1048576 MINEXTENTS 1 MAXEXTENTS 2147483645
  PCTINCREASE 0 FREELISTS 1 FREELIST GROUPS 1
  BUFFER_POOL DEFAULT FLASH_CACHE DEFAULT CELL_FLASH_CACHE DEFAULT)
  TABLESPACE "FIDE_ROPASCLARAS_FINAL_TBS"  ENABLE;
--------------------------------------------------------
--  Constraints for Table FIDE_PROVINCIA_TB
--------------------------------------------------------

  ALTER TABLE "FIDE_ROPASCLARAS"."FIDE_PROVINCIA_TB" ADD CONSTRAINT "FIDE_PROVINCIA_TB_ID_PROVINCIA_PK" PRIMARY KEY ("ID_PROVINCIA")
  USING INDEX PCTFREE 10 INITRANS 2 MAXTRANS 255 
  STORAGE(INITIAL 65536 NEXT 1048576 MINEXTENTS 1 MAXEXTENTS 2147483645
  PCTINCREASE 0 FREELISTS 1 FREELIST GROUPS 1
  BUFFER_POOL DEFAULT FLASH_CACHE DEFAULT CELL_FLASH_CACHE DEFAULT)
  TABLESPACE "FIDE_ROPASCLARAS_FINAL_TBS"  ENABLE;
--------------------------------------------------------
--  Constraints for Table FIDE_CARRITO_TB
--------------------------------------------------------

  ALTER TABLE "FIDE_ROPASCLARAS"."FIDE_CARRITO_TB" ADD CONSTRAINT "FIDE_CARRITO_TB_ID_CARRITO_PK" PRIMARY KEY ("ID_CARRITO")
  USING INDEX PCTFREE 10 INITRANS 2 MAXTRANS 255 
  STORAGE(INITIAL 65536 NEXT 1048576 MINEXTENTS 1 MAXEXTENTS 2147483645
  PCTINCREASE 0 FREELISTS 1 FREELIST GROUPS 1
  BUFFER_POOL DEFAULT FLASH_CACHE DEFAULT CELL_FLASH_CACHE DEFAULT)
  TABLESPACE "FIDE_ROPASCLARAS_FINAL_TBS"  ENABLE;
--------------------------------------------------------
--  Constraints for Table FIDE_FEEDBACK_TB
--------------------------------------------------------

  ALTER TABLE "FIDE_ROPASCLARAS"."FIDE_FEEDBACK_TB" ADD CONSTRAINT "FIDE_FEEDBACK_TB_ID_FEEDBACK_PK" PRIMARY KEY ("ID_FEEDBACK")
  USING INDEX PCTFREE 10 INITRANS 2 MAXTRANS 255 
  STORAGE(INITIAL 65536 NEXT 1048576 MINEXTENTS 1 MAXEXTENTS 2147483645
  PCTINCREASE 0 FREELISTS 1 FREELIST GROUPS 1
  BUFFER_POOL DEFAULT FLASH_CACHE DEFAULT CELL_FLASH_CACHE DEFAULT)
  TABLESPACE "FIDE_ROPASCLARAS_FINAL_TBS"  ENABLE;
--------------------------------------------------------
--  Constraints for Table FIDE_ESTADO_TB
--------------------------------------------------------

  ALTER TABLE "FIDE_ROPASCLARAS"."FIDE_ESTADO_TB" ADD CONSTRAINT "FIDE_ESTADO_TB_ID_ESTADO_PK" PRIMARY KEY ("ID_ESTADO")
  USING INDEX PCTFREE 10 INITRANS 2 MAXTRANS 255 
  STORAGE(INITIAL 65536 NEXT 1048576 MINEXTENTS 1 MAXEXTENTS 2147483645
  PCTINCREASE 0 FREELISTS 1 FREELIST GROUPS 1
  BUFFER_POOL DEFAULT FLASH_CACHE DEFAULT CELL_FLASH_CACHE DEFAULT)
  TABLESPACE "FIDE_ROPASCLARAS_FINAL_TBS"  ENABLE;
--------------------------------------------------------
--  Constraints for Table FIDE_PAIS_TB
--------------------------------------------------------

  ALTER TABLE "FIDE_ROPASCLARAS"."FIDE_PAIS_TB" ADD CONSTRAINT "FIDE_PAIS_TB_ID_PAIS_PK" PRIMARY KEY ("ID_PAIS")
  USING INDEX PCTFREE 10 INITRANS 2 MAXTRANS 255 
  STORAGE(INITIAL 65536 NEXT 1048576 MINEXTENTS 1 MAXEXTENTS 2147483645
  PCTINCREASE 0 FREELISTS 1 FREELIST GROUPS 1
  BUFFER_POOL DEFAULT FLASH_CACHE DEFAULT CELL_FLASH_CACHE DEFAULT)
  TABLESPACE "FIDE_ROPASCLARAS_FINAL_TBS"  ENABLE;
--------------------------------------------------------
--  Constraints for Table FIDE_EMPRESA_ENVIOS_TB
--------------------------------------------------------

  ALTER TABLE "FIDE_ROPASCLARAS"."FIDE_EMPRESA_ENVIOS_TB" ADD CONSTRAINT "FIDE_EMPRESA_ENVIOS_TB_ID_MENSAJERO_PK" PRIMARY KEY ("ID_MENSAJERO")
  USING INDEX PCTFREE 10 INITRANS 2 MAXTRANS 255 
  TABLESPACE "FIDE_ROPASCLARAS_FINAL_TBS"  ENABLE;
--------------------------------------------------------
--  Ref Constraints for Table FIDE_CARRITO_TB
--------------------------------------------------------

  ALTER TABLE "FIDE_ROPASCLARAS"."FIDE_CARRITO_TB" ADD CONSTRAINT "FIDE_CARRITO_TB_PRODUCTO_ID_FK" FOREIGN KEY ("PRODUCTO_ID")
	  REFERENCES "FIDE_ROPASCLARAS"."FIDE_INVENTARIO_TB" ("ID_PRODUCTO") ENABLE;
  ALTER TABLE "FIDE_ROPASCLARAS"."FIDE_CARRITO_TB" ADD CONSTRAINT "FIDE_CARRITO_TB_ESTADO_ID_FK" FOREIGN KEY ("ESTADO_ID")
	  REFERENCES "FIDE_ROPASCLARAS"."FIDE_ESTADO_TB" ("ID_ESTADO") ENABLE;
  ALTER TABLE "FIDE_ROPASCLARAS"."FIDE_CARRITO_TB" ADD CONSTRAINT "FIDE_CARRITO_TB_CLIENTE_ID_FK" FOREIGN KEY ("CLIENTE_ID")
	  REFERENCES "FIDE_ROPASCLARAS"."FIDE_CLIENTES_TB" ("ID_CLIENTE") ENABLE;
--------------------------------------------------------
--  Ref Constraints for Table FIDE_CARRITO_TEMP_TB
--------------------------------------------------------

  ALTER TABLE "FIDE_ROPASCLARAS"."FIDE_CARRITO_TEMP_TB" ADD CONSTRAINT "FIDE_CARRITO_TEMP_TB_PRODUCTO_ID_FK" FOREIGN KEY ("PRODUCTO_ID")
	  REFERENCES "FIDE_ROPASCLARAS"."FIDE_INVENTARIO_TB" ("ID_PRODUCTO") ENABLE;
  ALTER TABLE "FIDE_ROPASCLARAS"."FIDE_CARRITO_TEMP_TB" ADD CONSTRAINT "FIDE_CARRITO_TEMP_TB_ESTADO_ID_FK" FOREIGN KEY ("ESTADO_ID")
	  REFERENCES "FIDE_ROPASCLARAS"."FIDE_ESTADO_TB" ("ID_ESTADO") ENABLE;
  ALTER TABLE "FIDE_ROPASCLARAS"."FIDE_CARRITO_TEMP_TB" ADD CONSTRAINT "FIDE_CARRITO_TEMP_TB_CLIENTE_ID_FK" FOREIGN KEY ("CLIENTE_ID")
	  REFERENCES "FIDE_ROPASCLARAS"."FIDE_CLIENTES_TB" ("ID_CLIENTE") ENABLE;
--------------------------------------------------------
--  Ref Constraints for Table FIDE_CLIENTES_TB
--------------------------------------------------------

  ALTER TABLE "FIDE_ROPASCLARAS"."FIDE_CLIENTES_TB" ADD CONSTRAINT "FIDE_CLIENTES_TB_DISTRITO_FK" FOREIGN KEY ("DISTRITO")
	  REFERENCES "FIDE_ROPASCLARAS"."FIDE_DISTRITO_TB" ("ID_DISTRITO") ENABLE;
  ALTER TABLE "FIDE_ROPASCLARAS"."FIDE_CLIENTES_TB" ADD CONSTRAINT "FIDE_CLIENTES_TB_ESTADO_ID_FK" FOREIGN KEY ("ESTADO_ID")
	  REFERENCES "FIDE_ROPASCLARAS"."FIDE_ESTADO_TB" ("ID_ESTADO") ENABLE;
  ALTER TABLE "FIDE_ROPASCLARAS"."FIDE_CLIENTES_TB" ADD CONSTRAINT "FIDE_CLIENTES_TB_PAIS_FK" FOREIGN KEY ("PAIS")
	  REFERENCES "FIDE_ROPASCLARAS"."FIDE_PAIS_TB" ("ID_PAIS") ENABLE;
  ALTER TABLE "FIDE_ROPASCLARAS"."FIDE_CLIENTES_TB" ADD CONSTRAINT "FIDE_CLIENTES_TB_PROVINCIA_FK" FOREIGN KEY ("PROVINCIA")
	  REFERENCES "FIDE_ROPASCLARAS"."FIDE_PROVINCIA_TB" ("ID_PROVINCIA") ENABLE;
  ALTER TABLE "FIDE_ROPASCLARAS"."FIDE_CLIENTES_TB" ADD CONSTRAINT "FIDE_CLIENTES_TB_CANTON_FK" FOREIGN KEY ("CANTON")
	  REFERENCES "FIDE_ROPASCLARAS"."FIDE_CANTON_TB" ("ID_CANTON") ENABLE;
--------------------------------------------------------
--  Ref Constraints for Table FIDE_EMPRESA_ENVIOS_TB
--------------------------------------------------------

  ALTER TABLE "FIDE_ROPASCLARAS"."FIDE_EMPRESA_ENVIOS_TB" ADD CONSTRAINT "FIDE_EMPRESA_ENVIOS_TB_ESTADO_ID_FK" FOREIGN KEY ("ESTADO_ID")
	  REFERENCES "FIDE_ROPASCLARAS"."FIDE_ESTADO_TB" ("ID_ESTADO") ENABLE;
--------------------------------------------------------
--  Ref Constraints for Table FIDE_ENVIOS_TB
--------------------------------------------------------

  ALTER TABLE "FIDE_ROPASCLARAS"."FIDE_ENVIOS_TB" ADD CONSTRAINT "FIDE_ENVIOS_TB_CLIENTE_ID_FK" FOREIGN KEY ("CLIENTE_ID")
	  REFERENCES "FIDE_ROPASCLARAS"."FIDE_CLIENTES_TB" ("ID_CLIENTE") ENABLE;
  ALTER TABLE "FIDE_ROPASCLARAS"."FIDE_ENVIOS_TB" ADD CONSTRAINT "FIDE_ENVIOS_TB_PRODUCTO_ID_FK" FOREIGN KEY ("PRODUCTO_ID")
	  REFERENCES "FIDE_ROPASCLARAS"."FIDE_INVENTARIO_TB" ("ID_PRODUCTO") ENABLE;
  ALTER TABLE "FIDE_ROPASCLARAS"."FIDE_ENVIOS_TB" ADD CONSTRAINT "FIDE_ENVIOS_TB_EMPRESA_ID_FK" FOREIGN KEY ("EMPRESA_ID")
	  REFERENCES "FIDE_ROPASCLARAS"."FIDE_EMPRESA_ENVIOS_TB" ("ID_MENSAJERO") ENABLE;
  ALTER TABLE "FIDE_ROPASCLARAS"."FIDE_ENVIOS_TB" ADD CONSTRAINT "FIDE_ENVIOS_TB_ESTADO_ID_FK" FOREIGN KEY ("ESTADO_ID")
	  REFERENCES "FIDE_ROPASCLARAS"."FIDE_ESTADO_TB" ("ID_ESTADO") ENABLE;
--------------------------------------------------------
--  Ref Constraints for Table FIDE_FACTURA_TB
--------------------------------------------------------

  ALTER TABLE "FIDE_ROPASCLARAS"."FIDE_FACTURA_TB" ADD CONSTRAINT "FIDE_FACTURA_TB_CLIENTE_ID_FK" FOREIGN KEY ("CLIENTE_ID")
	  REFERENCES "FIDE_ROPASCLARAS"."FIDE_CLIENTES_TB" ("ID_CLIENTE") ENABLE;
  ALTER TABLE "FIDE_ROPASCLARAS"."FIDE_FACTURA_TB" ADD CONSTRAINT "FIDE_FACTURA_TB_METODO_ID_FK" FOREIGN KEY ("METODO_ID")
	  REFERENCES "FIDE_ROPASCLARAS"."FIDE_METODO_PAGO_TB" ("ID_METODO") ENABLE;
  ALTER TABLE "FIDE_ROPASCLARAS"."FIDE_FACTURA_TB" ADD CONSTRAINT "FIDE_FACTURA_TB_ESTADO_ID_FK" FOREIGN KEY ("ESTADO_ID")
	  REFERENCES "FIDE_ROPASCLARAS"."FIDE_ESTADO_TB" ("ID_ESTADO") ENABLE;
--------------------------------------------------------
--  Ref Constraints for Table FIDE_FEEDBACK_TB
--------------------------------------------------------

  ALTER TABLE "FIDE_ROPASCLARAS"."FIDE_FEEDBACK_TB" ADD CONSTRAINT "FIDE_FEEDBACK_TB_CLIENTE_ID_FK" FOREIGN KEY ("CLIENTE_ID")
	  REFERENCES "FIDE_ROPASCLARAS"."FIDE_CLIENTES_TB" ("ID_CLIENTE") ENABLE;
  ALTER TABLE "FIDE_ROPASCLARAS"."FIDE_FEEDBACK_TB" ADD CONSTRAINT "FIDE_FEEDBACK_TB_ESTADO_ID_FK" FOREIGN KEY ("ESTADO_ID")
	  REFERENCES "FIDE_ROPASCLARAS"."FIDE_ESTADO_TB" ("ID_ESTADO") ENABLE;
--------------------------------------------------------
--  Ref Constraints for Table FIDE_INVENTARIO_TB
--------------------------------------------------------

  ALTER TABLE "FIDE_ROPASCLARAS"."FIDE_INVENTARIO_TB" ADD CONSTRAINT "FIDE_INVENTARIO_TB_PROVEEDOR_ID_FK" FOREIGN KEY ("PROVEEDOR_ID")
	  REFERENCES "FIDE_ROPASCLARAS"."FIDE_PROVEEDORES_TB" ("ID_PROVEEDOR") ENABLE;
  ALTER TABLE "FIDE_ROPASCLARAS"."FIDE_INVENTARIO_TB" ADD CONSTRAINT "FIDE_INVENTARIO_TB_ESTADO_ID_FK" FOREIGN KEY ("ESTADO_ID")
	  REFERENCES "FIDE_ROPASCLARAS"."FIDE_ESTADO_TB" ("ID_ESTADO") ENABLE;
--------------------------------------------------------
--  Ref Constraints for Table FIDE_METODO_PAGO_TB
--------------------------------------------------------

  ALTER TABLE "FIDE_ROPASCLARAS"."FIDE_METODO_PAGO_TB" ADD CONSTRAINT "FIDE_METODO_PAGO_TB_ESTADO_ID_FK" FOREIGN KEY ("ESTADO_ID")
	  REFERENCES "FIDE_ROPASCLARAS"."FIDE_ESTADO_TB" ("ID_ESTADO") ENABLE;
--------------------------------------------------------
--  Ref Constraints for Table FIDE_PROVEEDORES_TB
--------------------------------------------------------

  ALTER TABLE "FIDE_ROPASCLARAS"."FIDE_PROVEEDORES_TB" ADD CONSTRAINT "FIDE_PROVEEDORES_TB_ESTADO_ID_FK" FOREIGN KEY ("ESTADO_ID")
	  REFERENCES "FIDE_ROPASCLARAS"."FIDE_ESTADO_TB" ("ID_ESTADO") ENABLE;
